Degrowth Books                Summaries of Key Degrowth Books                       **Legend --- >,,,,,,
Check out explore.degrowth.net for more resources! ,,,,,,
Title,Year,Author,Language,,,
Degrowth through Knowledge-Based Development: Social Flourishing in the Anthropocene,2025,Francisco Javier Carrillo,English,,Legend (in descending order),
Dialogues for Degrowth: Transdisciplinary Perspectives for Sustainable and Inclusive Futures,2025,"Edited by Ksenija Hanaček, Marula Tsagkari and Brototi Roy",English,,Language,"""Degrowth"""
Routledge Handbook of Degrowth,2025,"Edited by Anitra Nelson, Vincent Liegey",English,,English,Degrowth / De-growth
Digital Degrowth: Technology in the Age of Survival,2024,Michael Kwet,English,,French - Français,Décroissance
Righting the Economy - Towards a people's recovery from economic and environmental crisis,2024,Marianna Leite and Matti Kohonen,English,,Spanish - Español,Decrecimiento / Descrecimiento 
The Poverty of Growth,2024,Olivier De Schutter,English,,German - Deutsch,Entwachstum / Postwachstum
Ecosocial Transition in Catalonia: A Degrowth Proposal,2024,"Luis González Reyes, Erika González Briz and Adrián Almazán",English,,Italian - Italiano,Decrescita
This Isn't Fine: The Cultural Shift We Need to Save Humanity from the Dumpster Fire We Started,2024,Taylor Ahlstrom,English,,Portuguese - Português,Decrescimento
ENOUGH: Thriving Societies Beyond Growth ,2024,"Dirk Holemans, Lara Ferrante and Elze Vermaas",English,,Catalan - Català,Decreixement
Deep transformations: A Theory of Degrowth,2024,"Hubert Buch-Hansen, Max Koch, and Iana Nesterova",English,,Croatian - Hrvatski,Odrast
Degrowth Marketing: How can Degrowth-Oriented Organizations use Marketing,2024,Linda Ivanova,English,,Greek - Ελληνική,αποανάπτυξη
Degrowth: An Experience of Being Finite,2024,Pasi Heikkurinen,English,You may or may not find some of these books here.,Dutch - Nederlandse,Ontgroei
Sufficiency – an Emerging Discourse? At the Crossroads of Mainstreaming and Transformation,2024,Pia Mamut,English,,Korean - 한국어,탈성장
De Gruyter Handbook of Degrowth,2024,Lauren Eastwood and Kai Heron (and many many others),English,,Turkish - Türkçe,Küçülme
S M P L C T Y: Ecological Civilisation and the Will to Art,2024,Samuel Alexander,English,,Slovenian - Slovenski ,Degresija
Deep Transformations: A Theory of Degrowth,2024,"Hubert Buch-Hansen, Max Koch, Iana Nesterova",English,,Czech - Český ,Nerůst
Slow Down: The Degrowth Manifesto,2024,"Kohei Sato, Brian Bergstrom",English,,Chinese - 中文,退增长 / 去增长
A Climate Agenda for System Change: From Theory to Social Transformation,2023,"Diana Stuart, Brian Petersen, and Ryan Gunderson",English,,עִברִית - Hebrew,חוסר צמיחה
Women’s Work in the Pandemic Economy: The Unbearable Hazard of Hierarchy,2023,Myfan Jordan,English,,Danish - Dansk,Modvækst
"The Low-Carbon Contradiction: Energy Transition, Geopolitics, and the Infrastructural State in Cuba",2023,Gustav Cederlof,English,,Polish - Polski,Dewzrost
Failing Forward: The Rise and Fall of Neoliberal Conservation,2023,Robert Fletcher,English,,Swedish - Svenska ,Nerväxt
The Economics of Optimal Growth Pathways: Evaluating the Health of the Planet’s Natural and Ecological Resources,2023,S. Niggol Seo,English,,Norwegian - Norsk ,Vekstfri Utvikling / Nedvekst
"The Path to a Sustainable Civilisation: Technological, Socioeconomic and Political Change",2023,"Mark Diesendorf, Rod Taylor",English,,Basque - Euskara,Deshazkundea / Gutxitu
"Contesting Aviation Expansion: Depoliticisation, Technologies of Government and Post-Aviation Futures",2023,"Steven Griggs, David Howarth",English,,Galician - Galego,Decrecemento
Solar Technology and Global Environmental Justice: The Vision and the Reality,2023,Andreas Roos,English,,Japanese - 日本,デグロース / 脱成長 (Datsu Seichō)
Rethinking Tourism and Development,2023,"Richard Sharpley, David J. Telfer",English,,Finnish - Suomen,Kohtuutalous / Kasvun
How to Fulfil the UN Sustainability Goals: Rethinking the Role and Concept of Money in the Light of Sustainability,2023,Felix Fuders,English,,عربي - Arabic,انخفاض النمو
"Degrowth in Scotland: degrowing the economy, regrowing our lives. (FREE!)",2023,Enough Scotland,English,,Latvian - Latviešu,Neaugsme / Rimšana
Marx in the Anthropocene: Towards the Idea of Degrowth Communism,2023,Kohei Saito,English,,Estonian - Eesti ,Tasaareng
Degrowth Decolonization and Development: When Culture Meets the Environment,2023,"Milica Kočović De Santo, Stéphanie Eileen Domptail",English,,Slovak - Slovenský,Bezrastová
Addicted to Growth: Societal Therapy for a Sustainable Wellbeing Future,2023,Robert Costanza,English,,Serbian - Srpskom,Odrast
Politics of Being,2023,Thomas Legrand,English,,Hungarian - Magyar,Nemnövekedés
Debates in Post-Development and Degrowth: Volume 2,2023,"Alexander Dunlap, Alejandro Ruelas, Lisa Hammelbo Søyland",English,,Swahili - Kiswahili,Kupungua
Convivial Futures: Views from a Post-Growth Tomorrow,2022,"Frank Adloff, Alain Caillé",English,,Russian - Русский,дерост
The Future is Degrowth: A Guide to a World Beyond Capitalism,2022,"Matthias Schmelzer, Aaron Vansintjan and Andrea Vetter",English,,Ukrainian - Українська,Антизростання / degrowth
Post-Growth Planning: Cities Beyond the Market Economy,2022,"António Ferreira, Federico Savini, Kim Carlotta von Schönfeld",English,,Vietnamese - Tiếng Việt,Thoái tăng trưởng / Giải tăng trưởng
A Social Ecology of Capital,2022,Eric Pineault,English,,,
Cities After Crisis: Reinventing Neighborhood Design from the Ground-Up,2022,Carlos Vazquez,English,,,
"Post-Capitalist Futures: Paradigms, Politics, and Prospects",2022,"Samuel Alexander, Sangeetha Chandrashekeran, Brendan Gleeson",English,,,
Political Friendship and Degrowth: An Ethical Grounding of an Economy of Human Flourishing,2022,Areti Giannopoulou,English,,,
Degrowth & Strategy: how to bring about social-ecological transformation,2022,"Nathan Barlow, Livia Regen, Noémie Cadiou, Ekaterina Chertkovskaya, Max Hollweg, Christina Plank, Merle Schulken and Verena Wolf",English,,,
Post-Growth Work: Employment and Meaningful Activities within Planetary Boundaries,2022,"Irmi Seidl, Angelika Zahrnt",English,,,
Liminal Commons: Modern Rituals of Transition in Greece,2022,Angelos Varvarousis,English,,,
Economics for a Healthy Planet: The Small Book with Big Ideas,2021,Iain Miller,English,,,
Post-Growth Geographies: Spatial Relations of Diverse and Alternative Economies,2021,"Bastian Lange, Martina Hülz, Benedikt Schmid, and Christian Schulz",English,,,
Debates in Post-Development & Degrowth: Volume 1,2021,"Alexander Dunlap, Lisa Hammelbo Søyland, Shayan Shokrgozar",English,,,
The Degrowth Alternative: A Path to Address our Environmental Crisis?,2021,"Diana Stuart, Ryan Gunderson, Brian Petersen",English,,,
"Beyond Capitalist Realism: The Politics, Energetics, and Aesthetics of Degrowth",2021,Samuel Alexander,English,,,
Post-Growth: Life After Capitalism,2021,Tim Jackson,English,,,
Food for Degrowth: Perspectives and Practices,2021,"Anitra Nelson, Ferne Edwards",English,,,
The Road Towards DemocraCity: A Creative Approach to Transition in a Post-Development Based Society,2021,Marco Carcea,English,,,
A Viable Future? Explorations in post-growth from Steady State Manchester,2021,"Mark H Burton, Carolyn Kagan, James Scott Vandeventer and Mike Riddell,",English,,,
Issues and Cases of Degrowth in Tourism,2021,Konstantinos Andriotis,English,,,
Free to Serve:The Evolution of Our Consciousness Drives the Evolutions on Our Economy,2020,Jeroen J. van Beele,English,,,
"Degrowth and Tourism: New Perspectives on Tourism Entrepreneurship, Destinations and Policy",2020,"C. Michael Hall, Jundan Jasmine Zhang, Linda Lundmark",English,,,
Tourism and Degrowth: Towards a Truly Sustainable Tourism,2020,"Asunción Blanco Romero, Ivan Murray Mas, Macià Blázquez-Salom, Robert Fletcher",English,,,
The Case for Degrowth,2020,"Giorgos Kallis, Susan Paulson, Giacomo D'Alisa, Federico Demaria",English,,,
Less is More: How Degrowth Will Save the World,2020,Jason Hickel,English,,,
Post-Growth Living:For an Alternative Hedonism,2020,Kate Soper,English,,,
Health in the Anthropocene: Living Well on a Finite Planet,2020,"Katharine Zywert, Stephen Quilley",English,,,
Degrowth in Movement(s): Exploring Pathways for Transformation,2020,"Nina Treu, Matthias Schmelzer, Corinna Burkhart",English,,,
The Simpler Way: Collected Writings of Ted Trainer,2020,"Jonathan Rutherford, Samuel Alexander",English,,,
The Mismeasure of Progress: Economic Growth and Its Critics,2020,Stephen J. Macekura,English,,,
Exploring Degrowth: A Critical Guide,2020,"Vincent Liegey, Anitra Nelson",English,,,
Climate Change Solutions: Beyond the Capital-Climate Contradiction,2020,"Diana Stuart, Ryan Gunderson, Brian Petersen",English,,,
Forces of Reproduction: Notes for a Counter-Hegemonic Anthropocene,2020,Stefania Barca,English,,,
Towards a Society of Degrowth,2020,Onofrio Romano,English,,,
Pluriverse: A Post-development Dictionary,2019,"Ashish Kothari, Ariel Salleh, Federico Demaria, Arturo Escobar, Alberto Acosta",English,,,
Degrowth of Aviation: Reducing Air Travel in a Just Way,2019,Tone Smith,English,,,
"Managing without Growth: Slower by Design, not Disaster",2019,Peter A. Victor,English,,,
Liberation from excess: A post-growth economy case for freedom in the Anthropocene,2019,Rafael Ziegler,English,,,
Frontlines: Stories of Global Environmental Justice,2019,Nick Meynen,English,,,
Degrowth in the Suburbs: A Radical Urban Imaginary,2019,"Samuel Alexander, Brendan Gleeson",English,,,
"Housing for Degrowth: Principles, Models, Challenges and Opportunities",2019,"Anitra Nelson, François Schneider",English,,,
Limits. Why Malthus Was Wrong and Why Environmentalists Should Care,2019,Giorgos Kallis,English,,,
Towards a Political Economy of Degrowth,2019,"Ekaterina Chertkovskaya, Alexander Paulsson,  Stefania Barca",English,,,
The Good Life Beyond Growth: New Perspectives,2018,"Hartmut Rosa, Christoph Henning",English,,,
Another Science is Possible: A Manifesto for Slow Science,2018,"Isabelle Stengers, Stephen Muecke (Translator) ",English,,,
In Defense of Degrowth: Opinions and Minifestos,2018,Giorgos Kallis,English,,,
Degrowth,2018,Giorgos Kallis,English,,,
Small is Necessary: Shared Living on a Shared Planet,2018,Anitra Nelson,English,,,
Prosperity Without Growth: Foundations for the Economy of Tomorrow,2018,Tim Jackson,English,,,
Doughnut Economics: Seven Ways to Think Like a 21st-Century Economist,2018,Kate Raworth,English,,,
"Degrowth in Tourism: Conceptual, Theoretical and Philosophical Issues",2018,Konstantinos Andriotis,English,,,
Carbon Civilisation and the Energy Descent Future: Life Beyond this Brief Anomaly,2018,Samuel Alexander & Joshua Floyd,English,,,
Talking to My Daughter about the Economy: A Brief History of Capitalism,2018,Yanis Varoufakis,English,,,
Post-growth Economics and Society: Exploring the Paths of a Social and Ecological Transition,2018,"Isabelle Cassiers, Kevin Maréchal, Dominique Méda",English,,,
History of the Future of Economic Growth: Historical Roots of Current Debates on Sustainable Degrowth,2017,"Iris Borowy, Matthias Schmelzer",English,,,
"Wild Democracy: Degrowth, Permaculture, and the Simpler Way",2017,Samuel Alexander,English,,,
Art Against Empire:Toward an Aesthetics of Degrowth,2017,Samuel Alexander,English,,,
Compost Capitalism: Art and Aesthetics at the End of Empire,2017,Samuel Alexander,English,,,
Utopia for Realists And How We Can Get There,2017,Rutger Bregman,English,,,
Organizing for the Post-Growth Economy,2017,"Johnsen Garmann Christian, Nelund Mette, Olaison Lena",English,,,
Post-Growth and Wellbeing: Challenges to Sustainable Welfare,2017,"Milena Büchs, Max Koch",English,,,
"The World After GDP: Politics, Business and Society in the Post Growth Era",2017,Lorenzo Fioramonti,English,,,
Parallax of Growth: The Philosophy of Ecology and Economy,2016,Ole Bjerg,English,,,
"Transitioning to a Post-Carbon Society: Degrowth, Austerity and Wellbeing",2016,"Ernest Garcia, Mercedes Martinez-Iglesias, Peadar Kirby",English,,,
The Hegemony of Growth: The OECD and the Making of the Economic Growth Paradigm,2016,Matthias Schmelzer,English,,,
Prosperous Descent: Crisis as an opportunity in an age of limits,2015,Samuel Alexander,English,,,
"Sufficiency Economy: Enough, for Everyone, Forever",2015,Samuel Alexander,English,,,
The No-nonsense Guide to Degrowth and Sustainability,2014,Wayne Ellwood,English,,,
This Changes Everything: Capitalism vs. Climate,2014,Naomi Klein,English,,,
Degrowth: A Vocabulary for a New Era,2014,"Giacomo D’Alisa, Federico Demaria, Giorgos Kallis",English,,,
Simple Living in History: Pioneers of the Deep Future,2014,Samuel Alexander and Amanda McLeod,English,,,
Supply Shock : Economic growth at the crossroads,2013,Brian Czech ,English,,,
Enough is Enough: Building a Sustainable Economy in a World of Finite Resourcess,2013,"Rob Dietz, Daniel W. O'Neill",English,,,
Entropia: Life Beyond Industrial Civilisation,2013,Samuel Alexander,English,,,
Gross Domestic Problem: The Politics Behind the World's Most Powerful Number,2013,Lorenzo Fioramonti,English,,,
The Costs of Economic Growth,2013,Peter A. Victor,English,,,
"Politics, Democracy and Degrowth",2012,"Giacomo D'Alisa, Giorgos Kallis, Christos Zografos, Claudio Cattaneo",English,,,
Occupy World Street: A Global Roadmap for Radical Economic and Political Reform,2012,Ross Jackson,English,,,
Liberation from Excess: The Road to a Post-growth Economy,2012,Niko Paech,English,,,
From Bioeconomics to Degrowth: Georgescu-Roegen's 'New Economics' in Eight Essays,2011,Nicolas Georgescu-Roegen,English,,,
"Sacred economics: Money, Gifts and Society in the Age of Transition",2011,Charles Eisenstein ,English,,,
The End of Growth: Adapting to Our New Economic Reality,2011,Richard Heinberg ,English,,,
Plenitude: the new economics of true wealth,2010,Juliet Schor,English,,,
Farewell to growth,2010,Serge Latouche,English,,,
Muddling Toward Frugality. A New Social Logic for a Sustainable World,2010,Warren Johnson,English,,,
Voluntary Simplicity: The Poetic Alternative to Consumer Culture,2009,Samuel Alexander,English,,,
SUSTAINABLE FUTURES Replacing Growth Imperative and Hierarchies with Sustainable Ways,2009,"Marko Ulvila, Jarna Pasanen",English,,,
Managing without growth,2008,Peter Victor ,English,,,
Limits to Growth: The 30 Year Update,2004,Meadows et al.,English,,,
The End of Over-consumption: Towards a Lifestyle of Moderation and Self-Restraint,2003,Marius de Geus,English,,,
A Prosperous Way Down: Principles and Policies,2001,"Howard T. Odum, Elisabeth C. Odum",English,,,
Graceful Simplicity: Toward a Philosophy and Politics of Simple Living,1999,Jerome Segal,English,,,
Reclaiming Work: Beyond the Wage-Based Society,1999,André Gorz,English,,,
The Overspent American: Why We Want What We Don't Need,1998,Juliet B. Schor,English,,,
Beyond Growth: The Economics of Sustainable Development,1996,Herman E. Daly,English,,,
The Conserver Society: Alternatives for Sustainability,1995,"Ted Trainer, F.E Trainer",English,,,
"Capitalism, Socialism, Ecology",1991,André Gorz,English,,,
The Technological Bluff,1990,Jacques Ellul,English,,,
If Women Counted: A New Feminist Economics,1988,Marilyn Waring,English,,,
Patriarchy and Accumulation on a World Scale: Women in the International Division of Labour,1986,Maria Mies,English,,,
"Voluntary Simplicity: Toward a Way of Life That Is Outwardly Simple, Inwardly Rich",1981,Duane Elgin,English,,,
New Scarcity and Economic Growth: More Welfare Through Less Production?,1980,Roefie Hueting,English,,,
Steady-State Economics,1977,Herman E. Daly,English,,,
Social Limits to Growth,1976,Fred Hirsch,English,,,
To Have or to Be? The Nature of the Psyche,1976,Erich Fromm,English,,,
The Joyless Economy: The Psychology of Human Satisfaction,1976,Tibor Scitovsky,English,,,
Shadow work ,1975,Ivan Illich,English,,,
The End of Affluence: A Blueprint for the Future,1974,Paul R. Ehrlich,English,,,
Stone Age Economics,1974,Marshall Sahlins,English,,,
Tools for Conviviality,1973,Ivan Illich,English,,,
Small Is Beautiful: Economics as if People Mattered,1973,Ernst F. Schumacher,English,,,
The Limits to Growth,1972,"Donella H. Meadows, Dennis L. Meadows, Jørgen Randers, William W. Behrens III ",English,,,
The Entropy Law and the Economic Process,1971,Nicholas Georgescu-Roegen,English,,,
Post-Scarcity Anarchism,1971,Murray Bookchin,English,,,
The Costs of Economic Growth,1967,Ezra J. Mishan,English,,,
Strategy for Labor,1967,André Gorz,English,,,
The Society of the Spectacle,1967,Guy Debord,English,,,
One-Dimensional Man: Studies in the Ideology of Advanced Industrial Society,1964,"Herbert Marcuse
",English,,,
The Technological Society,1954,"Jacques Ellul
",English,,,
The Conduct of Life ,1951,Lewis Mumford,English,,,
The Social Costs of Private Enterprise,1950,K. William Kapp,English,,,
The Condition of Man,1944,Lewis Mumford,English,,,
News from Nowhere,1890,William Morris,English,,,
The Right to Be Lazy,1880,Paul Lafargue,English,,,
"Walden, Or, Life in the Woods",1854,Henry David Thoreau,English,,,
"A propos de la décroissance, de la post-croissance et des critiques de la croissance - Français",,,,,,
Les Sensei de la décroissance,2024,Gabriel Malek,French,,,
Décroissances,2023,"François Jarrige, Hélène Tordjman",French,,,
Les limites à la croissance,2023,"Zoé Steep, Loui Delannoy",French,,,
"Sobriété (la vraie), mode d'emploi - Manuel émancipateur pour faire face aux défis de demain : inflation, pénuries, réchauffement climatique",2023,"Vincent Liegey, Isabelle Brokman",French,,,
Plaidoyer pour une décroissance heureuse,2023,"Giorgos Kallis, Susan Paulson, Giacomo D'Alisa",French,,,
Décroissance. Vocabulaire pour une nouvelle ère,2023,"Giorgos Kallis, Federico Demaria, Giacomo D'Alisa",French,,,
Politiques de sobriété,2023,Bruno Villalba,French,,,
Moins Pour Plus: Comment la Décroissance Sauvera le Monde,2022,"Jason Hickel, translated by Aline Azoulay-Pacvoň",French,,,
Ralentir ou Périr: L'économie de la Décroissance,2022,Timothée Parrique,French,,,
Éloge des limites: Par-delà Malthus,2022,Giorgos Kallis,French,,,
"Décroissance, Fake or Not ? ",2022,Vincent Liegey,French,,,
Le Mirage de la croissance verte,2022,Anthony Auffret,French,,,
La décroissance et ses déclinaisons: Pour sortir des clichés et des généralités,2022,La Maison commune de la décroissance,French,,,
La Décroissance,2022,Serge Latouche,French,,,
Límites,2021,Giorgos Kallis,French,,,
Politiques de l'Anthropocène,2021,"Agnès Sinaï, Mathilde Szuba",French,,,
Sortir de la croissance: Mode d’emploi,2021,Éloi Laurent,French,,,
Recroissance: Entre croissance et décroissance,2021,"Serge Darrieumerlou, Laurence Darrieumerlou",French,,,
En transition douce vers la décroissance,2021,Alexandre Leroux,French,,,
Le bréviaire de la décroissance,2021,Michaël Bretéché,French,,,
L'écologie contre le revenu de base: Un salaire universel pour la décroissance,2021,Denis Bayon,French,,,
Petite introduction aux valeurs de la décroissance: Pour une philosophie du vivre ensemble,2021,Boris Pijuan,French,,,
"L’abondance frugale comme art de vivre: Bonheur, gastronomie et décroissance",2020,Serge Latouche,French,,,
La Décroissance – Entropie – Ecologie – Economie,2020,Nicholas Georgescu-Roegen,French,,,
Croissance-décroissance: quel imaginaire pour la pensée économique ?,2020,"Jacques-Benoît Rauscher, Thierry Collaud,",French,,,
Comment réenchanter le monde: La décroissance et le sacré,2019,Serge Latouche,French,,,
Sobriété et décroissance: Redonner un sens à la vie,2019,Boris Pijuan,French,,,
"Guérir du mal de l’infini: Produire moins, partager plus, décider ensemble",2019,Yves-Marie Abraham,French,,,
La force de l’autonomie: Gandhi précurseur de la décroissance?,2019,Guillaume Gamblin,French,,,
"Vers une société post-croissance: Intégrer les défis écologiques, économiques et sociaux",2018,"Isabelle Cassiers, Kevin Marechal, Dominique Meda",French,,,
Un projet de décroissance: Manifestation pour une Dotation Inconditionnelle d'Autonomie,2018,"Paul Ariès, Vincent Liegey, Madelaine",French,,,
La Théorie du donut: l'économie de demain en 7 principes,2018,Kate Raworth,French,,,
Politique(s) de la décroissance: Propositions pour penser et faire la transition,2018,Michel Lepesant,French,,,
Gratuité versus capitalisme,2018,Paul Ariès,French,,,
Désobéir et grandir: Vers une société de décroissance,2018,Paul Ariès et Serge Mongeau,French,,,
6 chemins vers une décroissance solidaire,2018,Thierry Brugvin,French,,,
Décroissance ou toujours plus ? Penser l’écologie jusqu’au bout,2018,Alain de Benoist ,French,,,
Prospérité sans croissance: les fondations pour l'économie de demain,2017,Tim Jackson,French,,,
"Décroissance, ici et maintenant !",2017,Fabrice Flipo,French,,,
Aux origines de la décroissance: Cinquante penseurs,2017,"Cédric Biagini, David Murray, Pierre Thiesset",French,,,
La décroissance écologique transforme l’entreprise,2017,Bernard Christophe ,French,,,
Gouverner la décroissance: Politiques de l'Anthropocène III,2017,"Agnès Sinaï, Mathilde Szuba",French,,,
Vivre la simplicité volontaire – histoire et témoignages ,2016,"Cédric Biagini, Pierre Thiesset",French,,,
Les précurseurs de la décroissance: Une anthologie,2016,Serge Latouche,French,,,
Le progrès m’a tuer: Leur écologie et la nôtre,2016,La Décroissance,French,,,
La décroissance plutôt que le transhumanisme,2016,Jacques Testart,French,,,
Art et drécroissance,2016,"Carme Pardo Salgado, Kostas Paparrigopoulos, Makis Solomos, Roberto Barbanti
",French,,,
Anthropologie de la décroissance ,2016,Christian Laurut ,French,,,
Consommer Moin pour Vivre Mieux idées reçues sur la décroissance,2015,"Assen Slim, Marc Prieto",French,,,
"Oser la décroissance: Biologie, écologie, agronomie",2015,Guy Jacques,French,,,
Vers une société désirable: La décroissance ou comment éviter l’inévitable,2014,Christian Araud ,French,,,
Sortir de la société de consommation: Voix et voies de la décroissance,2014,Serge Latouche,French,,,
La mystique de la croissance: Comment s'en libérer,2014,Dominique Méda,French,,,
"Produire plus, polluer moins: l'impossible découplage ?",2014,"Thierry Caminel, Philippe Frémeaux, Gaël Giraud, Aurore Lalucq, Philippe Roman",French,,,
Décroissance ou décadence,2014,Vincent Cheynet ,French,,,
Penser la décroissance: Politiques de l'anthropocène,2013,Agnès Sinai,French,,,
La pertinence de l’escargot: En route vers la décroissance !,2012,"Jean Cornil, Bernard Legros",French,,,
Notre décroissance n’est pas de droite,2012,"Michel Lepesant , Paul Aries",French,,,
Décroissance ou récession: Pour une décroissance de gauche,2012,Paul Ariès,French,,,
Décroissance versus développement durable: débats pour la suite du monde,2012,"Yves-Marie Abraham, Louis Marion, Hervé Philippe",French,,,
Le temps de la décroissance,2012,"Serge Latouche, Didier Harpagès",French,,,
Adieu à la croissance: Bien vivre dans un monde solidaire,2011,Jean Gadrey,French,,,
La décroissance : Dix questions pour comprendre et débattre,2011,"Denis Bayon, Fabrice Flipo, François Schneider",French,,,
"La décroissance, une idée pour demain: Une alternative au capitalisme : synthèse des mouvements",2011,Timothée Duverger,French,,,
Décroissance et Liberté,2011,Christian Laurut ,French,,,
Vers une société d’abondance frugale: contresens et controverses…,2011,Serge Latouche ,French,,,
Pensouillard le hamster: Petit traité de décroissance personnelle,2011,Serge Marquis ,French,,,
Militer pour la décroissance: Enquête sur la genèse d’un mouvement politique de la décroissance en France,2011,Mathieu Arnaudet,French,,,
Guide du mieux vivre: La simplicité volontaire en pratique,2011,"Christian La Grange, Benoi Lacroix",French,,,
La Décroissance heureuse. La qualité de vie ne dépend pas du PIB,2011,Maurizio Pallante,French,,,
Vers la sobriété heureuse,2010,Pierre Rabhi,French,,,
La Simplicité volontaire contre le mythe de l’abondance,2010,Paul Ariès,French,,,
"De la décroissance à la gratuité: Moins de biens, plus de liens",2010,Paul Ariès,French,,,
La décroissance est-elle souhaitable ?,2009,Stéphane Lavignotte,French,,,
Antimanuel d’écologie,2009,Yves Cochet ,French,,,
La décroissance économique. Pour la soutenabilité écologique et l’équité sociale,2009,Baptiste Mylondo ,French,,,
"Moins de biens, plus de liens: La simplicité volontaire: un nouvel engagement social",2009,Emeline De Bouver,French,,,
Manifeste pour la Terre et l’humanisme: Pour une insurrection des consciences,2008,Pierre Rabhi ,French,,,
Le choc de la décroissance,2008,Vincent Cheynet ,French,,,
Écologica,2008,André Gorz ,French,,,
Progès & Décroissance: Penser en citoyen du monde,2008,Eric Le Lann ,French,,,
Ne pas perdre sa vie à la gagner. Pour un revenu de citoyenneté,2008,Baptiste Mylondo ,French,,,
Petit traité de décroissance sereine,2007,Serge Latouche,French,,,
"Demain, la décroissance ! Penser l’écologie jusqu’au bout",2007,Alain de Benoist,French,,,
La décroissance. Un nouveau projet politique,2007,Paul Ariès ,French,,,
Le Mésusage: essai sur l'hypercapitalisme,2007,Paul Ariès ,French,,,
Objecteurs de croissance. Pour sortir de l’impasse : la décroissance,2007,Serge Mongeau,French,,,
L’entreprise et la décroissance soutenable: Réussir les reconversions écologiques,2007,Bernard Christophe ,French,,,
Eloge de la simplicité volontaire,2007,"Hervé René Martin, Emilie Antonucci ",French,,,
Le pari de la décroissance,2006,Serge Latouche,French,,,
"La croissance ou le progrès? Croissance, décroissance et développement durable",2006,Christian Comeliau ,French,,,
La part du colibri: l’espèce humaine face à son devenir,2006,Pierre Rabhi ,French,,,
Du développement à la décroissance. De la nécessité de sortir de l’impasse suicidaire du capitalisme,2006,Jean Paul Tertrais,French,,,
La face cachée de la décroissance: La décroissance: une réelle solution face à la crise écologique?,2006,Cyril Di Méo ,French,,,
La Décroissance pour tous,2006,"Nicolas Ridoux, Jean-Claude Besson-Girard",French,,,
Decrescendo Cantabile: Petit manuel pour une décroissance harmonique,2005,"Jean-Claude Besson-Girard, Serge Latouche",French,,,
Comment ne plus être progressiste…sans devenir réactionnaire,2005,Jean-Paul Bresset,French,,,
L’ABC de la simplicité volontaire,2005,Dominique Boisvert,French,,,
De l’idéologie aujourd’hui,2005,François Brune ,French,,,
Décroissance ou barbarie,2005,Paul Ariès ,French,,,
Manifeste pour une décroissance équitable,2005,Paul Ariès ,French,,,
Pétrole apocalypse,2005,Yves Cochet ,French,,,
"Antiproductivisme, Altermondialisme, Décroissance",2006,"Bernard Guibert, Serge Latouche",French,,,
"Métamorphoses du travail. Quête du sens, Critique de la raison économique ",2004,André Gorz,French,,,
Objéctif décroissance: Vers une société harmonieuse,2003,"Michel Bernard, Vincent Cheynet, Bruno Clémentin",French,,,
"Décroissance et la Simplicité volontaire, plus que jamais...",1998,Serge Monceau,French,,,
L’économie économe. Le développement soutenable par la réduction du temps de travail,1997,Jean-Marie Harribey,French,,,
L’économique et le vivant,1996,René Passet,French,,,
La mégamachine,1995,Serge Latouche,French,,,
"Capitalisme, socialisme, écologie",1991,André Gorz,French,,,
La ligne d’horizon. Essai sur l’après-développement ,1988,François Partant,French,,,
Le bluff technologique,1988,Jacques Ellul,French,,,
La Fin du développement. Naissance d’une alternative?,1982,François Partant,French,,,
Changer de révolution. l'inéluctable prolétariat ,1982,Jacques Ellul,French,,,
Je fus. Essais sur la liberté,1980,Bernard Charbonneau ,French,,,
Le Feu vert. Autocritique du mouvement écologique,1980,Bernard Charbonneau ,French,,,
Travailler deux heures par jour,1979,Adret,French,,,
Que la crise s’aggrave,1978,François Partant,French,,,
Écologie et liberté ,1977,André Gorz,French,,,
Le système technicien,1977,Jacques Ellul,French,,,
La civilisation de la puissance,1976,Bertrand de Jouvenel,French,,,
Éthique et liberté ,1975,Jacques Ellul,French,,,
Écologie et politique,1975,André Gorz,French,,,
Énergie et équité,1975,Ivan Illich,French,,,
Critique de la Division du Travail ,1973,André Gorz,French,,,
La convivialité,1973,Ivan Illich,French,,,
Le Système et le chaos: critique du développement exponentiel,1973,Bernard Charbonneau,French,,,
L’utopie ou la mort,1973,René Dumont,French,,,
Halte à la croissance? Enquête sur le Club de Rome,1972,"Janine Delaunay, Donella Hager Meadows, Dennis L. Meadows, Jacques Delaunay",French,,,
"La Décroissance : Entropie, écologie, économie",1971,Nicholas Georgescu-Roegen,French,,,
Le jardin de Babylone,1969,Bernard Charbonneau ,French,,,
"Arcadie, essais sur le mieux vivre",1968,Bertrand de Jouvenel,French,,,
L’illusion politique,1964,Jacques Ellul,French,,,
La technique ou l’enjeu du siècle,1954,Jacques Ellul,French,,,
Le Droit à la paresse ,1879,Paul Lafargue,French,,,
"Acerca del decrecimiento, el postcrecimiento y las críticas al crecimiento - Español",,,,,,
Transición ecosocial en Cataluña. Una propuesta decrecentista,2024,"Luis González Reyes, Erika González Briz and Adrián Almazán",Spanish,,,
Desacelerar o Morir: Todo lo que hay que saber (y desmitificar) para comprender el decrecimiento,2024,Timothée Parrique,Spanish,,,
Pedagogía del Decrecimiento: Educar para superar el capitalismo y aprender a vivir de forma justa con lo necesario,2024,Enrique Javier Diez Gutierrez,Spanish,,,
Decrecimiento: del qué al cómo,2023,Luis González Reyes,Spanish,,,
Poscrecimiento: La vida después del capitalismo,2023,Tim Jackson,Spanish,,,
Menos es más: Cómo el decrecimiento salvará al mundo,2023,Jason Hickel,Spanish,,,
"Cuatro lecciones: Sobre decrecimiento, colapso, ecofascismo e Iberia vaciada",2023,Carlos Taibo,Spanish,,,
Nuevos comunalismos: Una hipótesis política para el decrecimiento,2023,"Adrián Almazán, Iñaki Barcena",Spanish,,,
Prosperidad sin crecimiento: Bases para la economía de mañana,2023,Tim Jackson,Spanish,,,
A Favor del Decrecimiento,2022,"Giorgos Kallis, Susan Paulson, Giacomo D'Alisa, Federico Demaria",Spanish,,,
Ensayos bioeconómicos,2022,Nicholas Georgescu-Roegen,Spanish,,,
El capital en la era del Antropoceno,2022,"Kohei Sato, Víctor Illera Kanaya",Spanish,,,
"En los orígenes del decrecimiento : pensadores del siglo XXI, 2",2022,"Cédric Biagini, David Murray, Pierre Thiesset",Spanish,,,
"En los orígenes del decrecimiento : pensadores del siglo XX, 1",2022,"Cédric Biagini, David Murray, Pierre Thiesset",Spanish,,,
Vivir la simplicidad voluntaria. Vol. 2,2022,"Serge Latouche, Leydi Casas",Spanish,,,
Vivir la simplicidad voluntaria vol. 1,2022,"Serge Latouche, Leydi Casas",Spanish,,,
El decrecimiento explicado con sencillez,2022,Carlos Taibo,Spanish,,,
Ecofeminismo y decrecimiento: Frente a la crisis global,2022,Victoria Aragón ,Spanish,,,
"Cuadernillo de lecturas curso ""Decrecimiento. Introducción desde una perspectiva latinoamericana""",2021,"Gabriela Cabaña, Violeta Rabi, María Paz Aedo, Mariana Calcagni",Spanish,,,
"La abundancia frugal como arte de vivir : felicidad, gastronomía y decrecimiento",2021,"Serge Latouche, Griselda Piñero",Spanish,,,
El decrecimiento y el estado estacionario. Una aproximación desde la escuela clásica,2021,Andrés Mantilla Rodríguez,Spanish,,,
Decrecimiento. Una propuesta razonada,2021,Carlos Taibo,Spanish,,,
Los límites del crecimiento retomados,2021,Ugo Bardi,Spanish,,,
Historias antieconómicas,2020,Carlos Taibo,Spanish,,,
Pluriverso: Un diccionario del posdesarrollo,2019,"Ashish Kothari, Ariel Salleh, Arturo Escobar, Federico Demaría, Alberto Acosta",Spanish,,,
Decrecer para sobrevivir,2019,José Alberto Cuesta Martínez,Spanish,,,
Economía rosquilla: 7 maneras de pensar la economía del siglo XXI,2018,"Kate Raworth, Francisco J. Ramos",Spanish,,,
Hecho para tirar: La irracionalidad de la obsolescencia programada,2018,Serge Latouche,Spanish,,,
Sostenibilidad Y Decrecimiento. Una Crítica De La (Sin) Razón Consumista,2017,"José María Enríquez Sánchez, María de la Paz Pando Ballesteros",Spanish,,,
Salidas del laberinto capitalista: Decrecimiento y postextractivismo,2017,"Alberto Acosta, Ulrich Brand",Spanish,,,
Otra economía es posible: Economía y cultura en tiempos de crisis,2017,Manuel Castells,Spanish,,,
Decrecimiento: Vocabulario para una nueva era,2016,"Giacomo D'Alisa, Federico Demaria, Giorgos Kallis",Spanish,,,
Art et drécroissance,2016,"Carme Pardo Salgado, Kostas Paparrigopoulos, Makis Solomos, Roberto Barbanti
",Spanish,,,
El decrecimiento infeliz: Pero es posible y urgente conseguir un decrecimiento feliz,2015,Julio García Camarero,Spanish,,,
Decrecer para crecer: Caminando hacia el decrecimiento,2015,José Luis Ojeda López,Spanish,,,
"Alternativas al modelo actual: Decrecimiento [y] buen vivir : soberanía alimentaria, economía feminista, economía solidaria, soberanía energética",2014,"Jesús González Pazos, Maite Ezquerro Sáenz, Puri Pérez Rojo",Spanish,,,
¿Por qué el decrecimiento?: Un ensayo sobre la antesala del colapso,2014,Carlos Taibo,Spanish,,,
Salir de la sociedad de consumo:Voces y vías del decrecimiento,2014,Serge Latouche,Spanish,,,
Proyecto decrecimiento : manifiesto por una dotación incondicional de autonomía (DIA),2014,Vincent Liegey,Spanish,,,
Adiós al crecimiento : vivir bien en un mundo solidario y sostenible,2013,"Jean Gadrey, Borja Barragué, Borja Barragué Calvo, Florent Marcellesi",Spanish,,,
Del Desarrollo Sostenible Al Decrecimiento,2012,Juan Alonso Neira Simijaca,Spanish,,,
Decrecimiento y justicia Norte-Sur o Cómo evitar que el Norte global condene a la humanidad al colapso,2012,Giorgio Mosangini,Spanish,,,
"En defensa del decrecimiento: Sobre capitalismo, crisis y barbarie",2012,Carlos Taibo Arias,Spanish,,,
La hora del decrecimiento,2012,"Serge Latouche, Didier Harpagès
",Spanish,,,
La sociedad de la abundancia frugal : contrasentidos y controversias del decrecimiento,2012,Serge Latouche,Spanish,,,
Decrecimiento : 10 preguntas para comprenderlo y debatirlo,2011,"Denis Bayon, François Schneider
",Spanish,,,
Mas allá del decrecimiento,2011,Enrique Lluch Frechina,Spanish,,,
Decrecimiento o barbarie: Para una salida noviolenta del capitalismo,2010,Paolo Cacciari,Spanish,,,
El decrecimiento feliz y el desarrollo humano,2010,Julio García Camarero,Spanish,,,
Decrecimientos: sobre lo que hay que cambiar en la vida cotidiana,2010,Carlos Taibo Arias,Spanish,,,
Decrecimiento y posdesarrollo : el pensamiento creativo contra la economía del absurdo,2009,Serge Latouche,Spanish,,,
Menos es más: Introducción a la filosofía del decrecimiento,2009,Nicolas Ridoux,Spanish,,,
Pequeño tratado del decrecimiento sereno,2009,Serge Latouche,Spanish,,,
La Apuesta por el decrecimiento: ¿Cómo salir del imaginario dominante?,2008,Serge Latouche,Spanish,,,
Objetivo decrecimiento,2006,Colectivo Revista Silence,Spanish,,,
"Über Degrowth, Post-Wachstum und Wachstumskritik - Deutsch",,,,,,
Wachstum?,2022,"Katja Gentinetta, Niko Paech",German,,,
Weniger ist mehr: Warum der Kapitalismus den Planeten zerstört und wir ohne Wachstum glücklicher sind,2022,"Jason Hickel, Maja Göpel, Translated by Eva Leipprand",German,,,
Gegen Wachstum! Degrowth: Argumente & Strategien,2022,"Giorgos Kallis, Susan Paulson, Giacomo D'Alisa, Federico Demaria",German,,,
Grenzen: Warum Malthus falschlag und warum uns das alle angeht,2021,Giorgos Kallis,German,,,
Wie wollen wir leben? Wege aus dem Wachstumswahn,2021,"Tim Jackson, Eva Leipprand",German,,,
Degrowth/Postwachstum zur Einführung,2021,"Matthias Schmelzer, Andrea Vetter
",German,,,
Gut leben: Eine Gesellschaft jenseits des Wachstums,2020,Barbara Muraca,German,,,
Zukunft für alle: Eine Vision für 2048: gerecht. ökologisch. machbar.,2020,"Kai Kuhnhenn , Anne Pinnow , Matthias Schmelzer , Nina Treu , Konzeptwerk Neue Ökonomie",German,,,
Sozial-ökologische Utopien: diesseits oder jenseits von Wachstum und Kapitalismus,2020,"Benjamin Görgen, Björn Wendt",German,,,
"Marktwirtschaft reparieren: Entwurf einer freiheitlichen, gerechten und nachhaltigen Utopie",2019,"Oliver Richters, Andreas Siemoneit
",German,,,
Das Gute Leben für Alle: Wege in die solidarische Lebensweise,2019,I.L.A. Kollektiv,German,,,
Degrowth. Über die Möglich- und Notwendigkeit einer nachhaltigen Postwachstumsökonomie,2018,Gordon Jung,German,,,
Die Tyrannei des Wachstums: Wie globale Ungleichheit die Welt spaltet und was dagegen zu tun ist,2018,Jason Hickel,German,,,
"Die Donut-Ökonomie: Endlich ein Wirtschaftsmodell, das den Planeten nicht zerstört",2018,"Kate Raworth, Hans Freundl, Sigrid Schmid",German,,,
Degrowth in Bewegung(en): 32 alternative Wege zur sozial-ökologischen Transformation],2017,"Corinna Burkhart, Matthias Schmelzer, Nina Treu",German,,,
Imperiale Lebensweise: zur Ausbeutung von Mensch und Natur im globalen Kapitalismus,2017,"Ulrich Brand, Markus Wissen",German,,,
Wohlstand ohne Wachstum - das Update: Grundlagen für eine zukunftsfähige Wirtschaft,2017,Tim Jackson,German,,,
"Strategien der Subsistenz: neue prekäre, subversive und moralische Ökonomien",2017,Andrea Vetter,German,,,
Degrowth: Handbuch für eine neue Ära,2016,"Federico Demaria, Giacomo D'Alisa, Giorgios Kallis",German,,,
Small is beautiful: Die Rückkehr zum menschlichen Maß,2013,Ernst Friedrich Schumacher,German,,,
Befreiung vom Überfluss: auf dem Weg in die Postwachstumsökonomie,2012,Niko Paech,German,,,
"Postwachstum: Krise, ökologische Grenzen und soziale Rechte",2011,"Matthias Schmelzer, Alexis J. Passadakis",German,,,
Postwachstumsgesellschaft: Konzepte für die Zukunft,2010,"Angelika Zahrnt, Irmi Seidl",German,,,
Die Grenzen des Wachstums: Bericht des Club of Rome zur Lage der Menschheit,1972,"Dennis L. Meadows, Donella H. Meadows, Club of Rome",German,,,
"Su decrescita, post-crescita e critica della crescita - Italiano",,,,,,
Il futuro è decrescitaa,2023,"Matthias Schmelzer, Andrea Vetter, Aaron Vansintjan",Italian,,,
Decrescita e rivoluzione,2023,Bernardo Severgnini,Italian,,,
Che cosa è la decrescita,2022,"Giorgos Kallis, Susan Paulson, Giacomo D'Alisa, Federico Demaria",Italian,,,
L'imbroglio dello sviluppo sostenibile,2022,Maurizio Pallante,Italian,,,
Il tao della decrescita: Educare a equilibrio e libertà per riprenderci il futuro,2022,"Simone Lanza, Serge Latouche",Italian,,,
Futura. Il fumetto della decrescita felice. Ediz. illustrata,2022,"Movimento per la Decrescita Felice, Marco Sacco",Italian,,,
Siamo ancora in tempo! Come una nuova economia può salvare il pianeta,2021,"Jason Hickel, translated by Fabio Galimberti e Paola Marangon",Italian,,,
Occhio all'etichetta! Tutto ciò che devi sapere prima di fare la spesa,2021,"Lucia Cuffaro, Elena Tioli",Italian,,,
Verità della decrescita: via dalla scienza totalitaria per salvare il mondo,2021,Gloria Germani,Italian,,,
"Breve storia della decrescita: Origine, obiettivi, malintesi e futuro",2021,Serge Latouche,Italian,,,
Il mito della crescita verde. Perché non è possibile disaccoppiare la crescita economica dalla crescita dell'impatto ambientale: prove e argomentazioni,2020,"Timothée Parrique, François Briens, Christian Kerschner, Alejo Kraus-Polk, Anna Kuokkanen,",Italian,,,
Pedagogia della decrescita: L'educazione sfida la globalizzazione,2020,Fabrizio Manuel Sirignano,Italian,,,
Come reincantare il mondo: La decrescita e il sacro,2020,Serge Latouche,Italian,,,
Polanyi. O la socialità come antidoto all'economicismo,2020,Mirella Giannini,Italian,,,
Come reincantare il mondo: La decrescita e il sacro,2020,Serge Latouche,Italian,,,
Un nuovo mo(n)do per fare salute: Le proposte della Rete Sostenibilità e Salute,2019,"Chiara Bodini, Jean-Louis Aillon, Matteo Bessone",Italian,,,
Decrescita. Vocabolario per una nuova era,2018,"Giacomo D’Alisa, Federico Demaria, Giorgios Kallis",Italian,,,
Decrescita o barbarie,2018,Serge Latouche,Italian,,,
Il tempo della decrescita. Introduzione alla frugalità felice,2017,"Didier Harpagès, Serge Latouche",Italian,,,
L'economia della ciambella. Sette mosse per pensare come un economista del XXI secolo,2017,"Kate Raworth, Erminio Cella",Italian,,,
Solo una decrescita felice (selettiva e governata) può salvarci,2017,"Alessandro Pertosa, Maurizio Pallante, ",Italian,,,
"Downshifting: Come Praticare Downshifting e Decrescita Felice, Vivere Semplice, Decluttering, Felicità, Mindfulness, Yoga, Gioia Di Vivere, Sopravvivere, Abitudini Salutari, Risparmiare, Part Time",2016,"P. L. Pellegrino, Pierluigi Tamanini",Italian,,,
Eco kit per le pulizie ecologiche,2016,Lucia Cuffaro,Italian,,,
Risparmia 700 Euro in 7 Giorni: Consigli per ridurre le spese e autoprodurre in casa,2015,Lucia Cuffaro,Italian,,,
Gratis: Fare tutto (o quasi) senza denaro ,2014,Massimo Acanfora,Italian,,,
La scommessa della decrescita,2014,Serge Latouche,Italian,,,
Contro la decrescita. Perché rallentare non é la soluzione,2014,Luca Simonetti,Italian,,,
Decolonizzare l'immaginario. Il pensiero creativo contro l'economia dell'assurdo,2014,"Roberto Bosio, Serge Latouche",Italian,,,
Dall'economia all'eutéleia: scintille di decrescita e d'anarchia,2014,Alessandro Pertosa,Italian,,,
Uscire dall'economia: un dialogo fra decrescita e critica del valore : letture della crisi e percorsi di liberazion,2014,"Massimo Maggini, Serge Latouche",Italian,,,
La grande transizione: Dal declino alla società della decrescita,2013,Mauro Bonaiuti,Italian,,,
Sono io che non capisco: riflessioni sull'arte contemporanea di un obiettore alla crescita,2013,Maurizio Pallante,Italian,,,
"La decrescita, i giovani e l'utopia. Comprendere le origini del disagio per riappropiarci del nostro futuro",2013,Jean-Louis Aillon,Italian,,,
Un pianeta a tavola: decrescita e transizione agroalimentare,2013,Filippo Schillaci,Italian,,,
La decrescita: un mito post-capitalista,2013,Giuseppe Giaccio,Italian,,,
Debiti pubblici crisi economica e decrescita felice,2012,Pier Paolo Dal Monte,Italian,,,
Manifesto per un mondo senza lavoro,2012,Ermanno Bencivenga,Italian,,,
Immaginare la società della decrescita: percorsi sostenibili verso l'età del doposviluppo,2012,Bruna Bianchi,Italian,,,
"Scappo dalla città. Manuale pratico di downshifting, decrescita, autoproduzione",2012,Grazia Cacciola,Italian,,,
Per un'abbondanza frugale: Malintesi e controversie sulla decrescita,2011,Ermanno Bencivenga,Italian,,,
Come si esce dalla società dei consumi,2011,Serge Latouche,Italian,,,
La decrescita felice: la qualità della vita non dipende dal pil,2011,Maurizio Pallante,Italian,,,
Pensare come le montagne: manuale teorico-pratico di decrescita per salvare il pianeta cambiando in meglio la propria vita,2011,"Paolo Ermani, Valerio Pignatta
",Italian,,,
L'invenzione dell'economia,2010,Serge Latouche,Italian,,,
La scuola agra,2010,"Giovanna Lo Presti
",Italian,,,
Marx e la decrescita. Perché la decrescita ha bisogno del pensiero di Marx,2010,"Marino Badiale, Massimo Bontempelli
",Italian,,,
Breve trattato sulla decrescita serena,2010,Serge Latouche,Italian,,,
"Pilly, Silvia e la decrescita felice",2010,Maurizio Pallante,Italian,,,
Come sopravvivere allo sviluppo,2010,Serge Latouche,Italian,,,
Decrescita e migrazioni,2009,Maurizio Pallante,Italian,,,
Vivere la decrescita: Una felice esperienza di autoproduzione,2009,Filippo Schillaci,Italian,,,
Il mondo alla rovescia: due giornalisti di Report in viaggio tra i paradossi del pianeta globalizzato,2009,"Michele Buono, Piero Riccardi",Italian,,,
Mondializzazione e decrescita. L'alternativa africana,2009,Serge Latouche,Italian,,,
Alla città nemica: diario di una donna di campagna,2008,Sonia Savioli,Italian,,,
Un programma politico per la decrescita,2008,Beppe Grillo,Italian,,,
La decrescita per tutti,2008,Nicolas Ridoux,Italian,,,
Discorso sulla decrescita. Manifesto per una felice sobrietà,2007,Maurizio Pallante,Italian,,,
Bioeconomia. Verso un'altra economia ecologicamente e socialmente sostenibile,2003,"Nicholas Georgescu-Roegen, Mauro Bonaiuti",Italian,,,
L'occidentalizzazione del mondo,1992,"Alfredo Salsano, Serge Latouche",Italian,,,
"Sobre o decrescimento, o pós-crescimento e as críticas ao crescimento - Português",,,,,,
"A Abundância Frugal como Arte de Viver: felicidade, gastronomia e decrescimento",2023,Serge Latouche,Portuguese,,,
Pluriverso: um dicionário do pós-desenvolvimento,2022,"Ashish Kothari, Ariel Salleh, Arturo Escobar, Federico Demaria, Alberto Acosta, Isabella Victoria Eleonora, Hannah Uesugi, Pedro Botton, Tadeu Breda, Natalia Engler",Portuguese,,,
A teoria do decrescimento e sua aplicação no constitucionalismo brasileiro para o alcance da sustentabilidade,2021,Marcus Mauricius Holanda,Portuguese,,,
"O ecossocialismo de Karl Marx: Capitalismo, natureza e a crítica inacabada à economia política",2021,"Kohei Sato, Pedro Davoglio",Portuguese,,,
Direitos da natureza: Ética biocêntrica e políticas ambientais,2020,"Eduardo Gudynas, Igor Ojeda",Portuguese,,,
Pós-extrativismo e decrescimento: Saídas do labirinto capitalista,2019,"Alberto Acosta, Ulrich Brand",Portuguese,,,
"Alternativas sistêmicas: Bem Viver, decrescimento, comuns, ecofeminismo, direitos da Mãe Terra e desglobalização",2019,"Pablo Solón, João Peres",Portuguese,,,
O Bem Viver: uma oportunidade para imaginar outros mundos,2019,"Alberto Acosta, Tadeu Breda",Portuguese,,,
"Enfrentando os limites do crescimento: Sutentabilidade, decrescimento et prosperidade",2018,Philippe Léna,Portuguese,,,
Economia Donut: Uma alternativa ao crescimento a qualquer custo,2019,"Kate Raworth, George Schlesinger",Portuguese,,,
Descolonizar o imaginário: debates sobre pós-extrativismo e alternativas ao desenvolvimento ; grupo permanente de trabalho sobre alternativas ao desenvolvimento,2016,"Gerhard Dilger, Jorge Pereira Filho, Miriam Antonia Lang",Portuguese,,,
Decrescimento: vocabulário para um novo mundo,2016,"Giacomo D’Alisa, Federico Demaria, Giorgios Kallis",Portuguese,,,
Decrescimento e consequências humanas: Ouvindo as vozes da Resistênciaa,2014,Lina Raquel de Oliveira Marinho,Portuguese,,,
"Enfrentando os limites do crescimento: Sustentabilidade, decrescimento e prosperidade",2012,"Elimar Nascimento, Philippe Léna
",Portuguese,,,
Pequeno Tratado do Decrescimento Sereno,2012,Serge Latouche,Portuguese,,,
O Desafio do Decrescimento,2012,Serge Latouche,Portuguese,,,
O Decrescimento,2012,Nicholas Georgescu-Roegen ,Portuguese,,,
Os perigos do mercado planetario,1998,Serge Latouche,Portuguese,,,
"Sobre el decreixement, el postcreixement i les crítiques del creixement - Català",,,,,,
Transició ecosocial a Catalunya. Una proposta decreixentista,2024,"Luis González Reyes, Erika González Briz and Adrián Almazán",Catalan,,,
Postcreixement: La vida després del capitalisme,2022,Tim Jackson,Catalan,,,
Límits: ecologia i llibertat,2021,Giorgos Kallis,Catalan,,,
Art i decreixement,2016,"Carme Pardo Salgado, Kostas Paparrigopoulos, Makis Solomos, Roberto Barbanti",Catalan,,,
Decreixement: Vocabulari per a una nova era,2015,"Giacomo D’Alisa, Federico Demaria, Giorgios Kallis",Catalan,,,
El Decreixement Econòmic,2009,Ignasi García Pérez,Catalan,,,
Objectiu decreixement : podem seguir creixent fins a l'infinit en un planeta finit?,2006,Vincent Cheynet,Catalan,,,
"O odrastanju, postrastu i kritikama rasta - Hrvatski",,,,,,
Odrast: Pojmovnik za novu eru,2016,"Giacomo D’Alisa, Federico Demaria, Giorgios Kallis",Croatian,,,
"Σχετικά με την αποανάπτυξη, τη μετα-ανάπτυξη και την κριτική της ανάπτυξης - Ελληνική",,,,,,
Το απρόσμενο ταξίδι ενός σαλιγκαριού,2024,Amerissa Giannouli,Greek,,,
Η Ελευθερια Των Οριων: Απο Την Αρχαια Ελλαδα Στην Εποχη Της Κλιματικης Αλλαγης,2022,Giorgos Kallis,Greek,,,
"""για Την Κοινοτητα Των Κοινοτητων: Με Το Προταγμα Της Αυτονομιας, Της Αποαναπτυξης, Του Κοινοτισμου Και Της Αμεσης Δημοκρατιας""",2019,"Γιωργος Κολεμπας (Giorgos), Γιαννης Μπιλλας ",Greek,,,
Το λεξιλόγιο της αποανάπτυξης,2016,"Giacomo D’Alisa, Federico Demaria, Giorgios Kallis",Greek,,,
Ο Ανθρωπολογικος Τυπος Της Αποαναπτυξης - Τοπικοποιησης,2016,"Γιωργος Κολεμπας (Giorgos), Γιαννης Μπιλλας",Greek,,,
Κορνηλιος Καστοριαδης: Ριζοσπαστικη Αυτονομια,2014,Σερζ Λατους/ Serge latouche,Greek,,,
Περα Απο Το Διλημμα Λιτοτητα Ή Αναπτυξη: 11 Κειμενα Για Την Αποαναπτυξη,2014,Συλλογικο / Collective,Greek,,,
"Η Προταση Της Αποαναπτυξης: Καπιταλισμος, Κριση Και Βαρβαροτητα",2012,Taibo Carlos,Greek,,,
Προς Μια Κοινωνια Της Λιτης Αφθονιας,2013,Σερζ Λατους/ Serge latouche,Greek,,,
Το Στοιχημα Της Απο-αναπτυξης,2008,Σερζ Λατους/ Serge latouche,Greek,,,
"Over Ontgroei, post-groei en groeikritiek - Nederlands",,,,,,
Omgroei - Meer levenskwaliteit voor iedereen,2023,"Dirk Holemans, Lara Ferrante, Elze Vermaas",Dutch,,,
Genoeg voor iedereen,2023,Jonas Van der Slycken,Dutch,,,
Minder is meer: hoe degrowth de wereld zal redden,2021,Jason Hickel,Dutch,,,
Klimaat en sociale rechtvaardigheid,2019,lanceert Denktank Minerva (Degrowth Chapter: Jonas Van der Slycken),Dutch,,,
Donuteconomie: In zeven stappen naar een economie voor de 21e eeuw,2017,Kate Raworth,Dutch,,,
Frontlijnen: een reis langs de achterkant van de wereldeconomie,2017,Nick Meynen,Dutch,,,
Ontgroei: Een vocabulaire voor ‘degrowth’ in een nieuw tijdperk,2016,"Giacomo D’Alisa, Federico Demaria, Giorgios Kallis",Dutch,,,
Hoe ‘ontgroeien’? Ideeën uit de degrowthbeweging,2015,"Brent Bleys, Thomas Block, Bart Defloor en Erik Paredis",Dutch,,,
"탈성장, 탈성장 이후, 성장에 대한 비판에 대하여 - 한국어",,,,,,
탈성장과 전략 (완역본) (Degrowth & Strategy),2023,"Nathan Barlow, Livia Regen, Noémie Cadiou, Ekaterina Chertkovskaya, Max Hollweg, Christina Plank, Merle Schulken and Verena Wolf, Translated by 김현우 (Hyunwoo Kim)",Korean,,,
적을수록 풍요롭다: 지구를 구하는 탈성장,2021,"Jason Hickel, Translated by 김현우, 민정희",Korean,,,
탈성장 개념어 사전,2018,"Giacomo D’Alisa, Federico Demaria, Giorgios Kallis, Translated by 강이현",Korean,,,
도넛 경제학,2018,Kate Raworth,Korean,,,
"Küçülme, büyüme sonrası ve büyüme eleştirileri hakkında - Türkçe",,,,,,
Yeşil Ekonomi; Küçülmek Güzeldir,2022,"Darren Zhang, Flipo Fabrice, Giorgos Kallis, Jeroen Van Den Bergh, Raoul Weiler, Roefie Hueting",Turkish,,,
Cogu Zarar Azi Karar: Dünyayi Kücülme Kurtaracak,2021,Jason Hickel,Turkish,,,
Kücülme: Yeni Bir Cag Icin Kavram Dagarcigi,2020,"Giacomo D Alisa, Federico Demaria, Giorgos Kallis",Turkish,,,
Simit Ekonomisi: 21. Yüzyil Iktisatcisi Gibi Düsünmenin Yedi Yolu,2019,Kate Raworth,Turkish,,,
Kanaatkâr Bolluk Toplumuna Doğru: Küçülme Üzerine Yanlış Yorumlar ve Tartışmalar,2018,"Serge Latouche, Tahir Karakas (Translation)",Turkish,,,
"O degrostu, postrasti in kritiki rasti - Slovenski ",,,,,,
Zagovor odrasti,2022,"Giorgos Kallis, Susan Paulson, Giacomo D'Alisa, Federico Demaria, Translator: Marko Hočevar",Slovenian,,,
Za ekološko svetlejši jutri,1985,Dušan Plut,Slovenian,,,
"O nerůst/degrowthu, post-growthu a kritice růstu - Český",,,,,,
Čas : dorůst,2023,Nerůstový kolektiv,Czech,,,
Budoucnost je nerůst: Průvodce na cestu ke světu po kapitalismu,2023,"Matthias Schmelzer, Aaron Vansintjan and Andrea Vetter",Czech,,,
Na obranu nerůstu,2022,Giorgos Kallis,Czech,,,
Imperiální způsob života,2022,"Ulrich Brand, Markus Wissen",Czech,,,
Méně je více: Jak nerůst zachrání svět,2021,Jason Hickel,Czech,,,
Ekonomie koblihy: sedm způsobů ekonomického myšlení pro 21. století,2020,"Kate Raworth, Jan Baláč, Vendula Bittner",Czech,,,
Malé pojednání o poklidném nerůstu,2012,"Serge Latouche, Petr Fischer",Czech,,,
关于去增长、后增长和对增长的批评 - 中文,,,,,,
少即是多：棄成長如何拯救世界,2022,傑森．希克爾（Jason Hickel）,Chinese,,,
甜甜圈經濟學,2020,"凱特．拉沃斯 (Kate Raworth), :溫春玉, 范堯寬",Chinese,,,
"על גידול, פוסט צמיחה וביקורות על צמיחה - עברית",,,,,,
פחות זה יותר כך יציבות תציל את העולם,2022,Jason Hickel,Hebrew,,,
"Om modvækst/afvækst, eftervækst og kritik af vækst - Dansk",,,,,,
Verden efter væksten: Livet i post-kapitalismens tid (Post Growth: Life After Capitalism),2023,"Tim Jackson, Karten Elkjær",Danish,,,
Retfærdig Naturbevarelse,2023,"Den Grønne Undgomsbevægelse, Clara Laurine Berg­-Jensen, Astrid Therese Blom­ Hansen, Rosanna Børsting, Anneken Egelund, Esther Michelsen Kjeldahl, Sebastian Ove, Christine Roj, Freya Skriver, Jeppe Svan, Lea Wiggen",Danish,,,
Vejen hjem til jorden: glimt af miljø- og klimakampens historie (Way back to Earth: glimpses of the environmental- and climate firght's history),2022,Jørgen Steen Nielsen,Danish,,,
"Langsomme samtaler : om vejene fra katastrofen, kriserne og vreden til en bedre verden",2022,Rune Lykkeberg,Danish,,,
Vækstøkonomi på Vildspor (Derailed Growth Economy),2021,Jesper Jespersen,Danish,,,
Klima på afveje: En Samfundsskabt Krise (Climate on the wrong path: A Crisis Created by Society),2020,Andreas Bjerre Mikkelsen,Danish,,,
Vi Er Sammen Om At Mærke Det (Together we feel it),2020,Esther Michelsen Kjeldahl,Danish,,,
Økonomien og virkeligheden : et opgør med finanskapitalismen (The Economy and Reality: Confronting Financecapitalism),2019,Katarina Juselius,Danish,,,
Som Gjaldt det Livet: Til den Nye Klimabevægelse (As if your life depended on it: for the new climate movement),2019,Jørgen Steen Nielsen,Danish,,,
Samtaler med min datter om økonomi : en kort historie om kapitalisme (Talking to My Daughter about the Economy: A Brief History of Capitalism),2019,"Yanis Varoufakis, Franziska Hoppe, Hannibal Andersen",Danish,,,
På vej til borgerløn: aktuel idédebat (On the path to UBI: current debate),2018,Erik Christensen,Danish,,,
"Ét liv, én tid, ét menneske : hvordan vi glemte at leve et meningsfuldt liv",2018,Morten Albæk,Danish,,,
Moder Vækst (Mother Growth),2018,Rasmus Lund,Danish,,,
Doughnut-økonomi: Syv principper for fremtidens økonomi,2018,"Kate Raworth, Lotte Follinn",Danish,,,
Først lærer vi økonomerne at kende - så tager vi økonomien tilbage (First we will study the economists - then we will take back the economy),2018,"Sebastian Gjerding, Jørgen Steen Nielsen, Nikola Nedeljkovis Gøttsche",Danish,,,
"Utopia for realister: gratis penge til alle, femten timers arbejdsuge og en verden uden grænser (Utopia for Realists)",2017,"Rutger Bregman, Poul Henrik Westh",Danish,,,
Livet efter væksten : samfundsvisioner i en omstillingstid,2016,"John Holten-Andersen, illustrator: Kristine Holten-Andersen",Danish,,,
Hvad skal vi med landbruget? (What's the prupose of agriculture?),2016,Jørgen Steen Nielsen,Danish,,,
Materialismens sammenbrud: på sporet af den tabte idealisme (The Break down of matirialism: tracking the lost idealisme),2016,Søren Fonsbøl,Danish,,,
Nye værdier i politik og samfund : paradigmeskift og kulturbrydninger (New Values in Politics and Society: Paradigmeshifts and Culture Conflicts),2016,Erik Christensen,Danish,,,
En verden til forskel: omstillingens nødvendige frisættelse af det markedsgjorte menneske (A world of differe: The transformations nessesary liberation of the Comodified Human),2016,Nadja U. Prætorius,Danish,,,
"Grænseløshedens kultur : et opgør med hastighed, udmattelse og håbløshed i klimakrisens tidsalder (Limitless/transgressive culture: Confronting speed, exhaustion and hoplessness in the climatecrisis era)",2016,Gregers Andersen,Danish,,,
På den anden side: en rejse i omstillingens grænseland (On the other side: a journy to the transformations boarderlands),2015,Jørgen Steen Nielsen,Danish,,,
Den Store Omstilling: Fra Systemkrise til Grøn Økonomi (The Great Transition: From Systemcrisis to Green Economy),2012,Jørgen Steen Nielsen,Danish,,,
Efter væksten: Den Bæredygtige Udviklings (Beyond Growth),2014,"Herman E. Daly, Ole Lindegard Henriksen",Danish,,,
Intet bliver som før : kapitalisme vs. klima (This Changes Everything: Capitalism vs. Climate),2014,"Naomi Klein, Steen Fiil",Danish,,,
Occupy world street: vejen til en værdig fremtid : en global plan for økonomiske og politiske reformer (Occupy World Street: A Global Roadmap for Radical Economic and Political Reform),2013,"Ross Jackson, Lisbeth Overgaard",Danish,,,
Modvækst: Omstilling til fremtiden,2011,"John Holten-Andersen, Toke Haunstrup Christensen, Kristine Cecilie Holten-Andersen, Steffen Foss Hansen",Danish,,,
"O degrowth, postwzrost i krytyce wzrostu - po polsku ",,,,,,
"Mniej znaczy lepiej. O tym, jak odejście od wzrostu gospodarczego ocali świat",2021,"Jason Hickel, translated by Jerzy Paweł Listwan",Polish,,,
Ekonomia obwarzanka: siedem sposobów myślenia o ekonomii XXI wieku,2021,"Kate Raworth, Aleksandra Paszkowska (tłumacz)",Polish,,,
"Om Nerväxt, post-growth och tillväxtkritik - Svenska                ",,,,,,
Nerväxt,2020,Giorgos Kallis,Swedish,,,
Donutekonomi sju principer för en framtida ekonomi,2018,"Kate Raworth, Linus Kollberg",Swedish,,,
Keynes barnbarn – en bättre framtid med arbete och välfärd. Andra reviderade upplagan 2010,2010,Christer Sanne,Swedish,,,
"Om Nedvekst, postvekst og vekstkritikk - Norsk ",,,,,,
,,,Norwegian,,,
"Desazkundea, post-hazkundeari eta hazkundeari buruzko kritikei buruz - Euskara",,,,,,
,,,Basque,,,
"Sobre o decrecemento, o poscrecemento e as críticas ao crecemento - Galego",,,,,,
Las verdades incómodas de la Transición Energética,2024,Manuel Casal,Galician,,,
Decrecemento. Construíndo alternativa,2021,Rede para o decrecemento Eo-Navia Galiza o Bierzo.,Galician,,,
Mancomunidade: uma terra livre sem Estado,2019,Joám Evans Pim,Galician,,,
Límites revisitado,2016,"Tim Jackson, Robin Webster",Galician,,,
Por que a crise non acabará nunca,2016,"Jordi Solé & Francesc Sardà, translated by Manuel Saavedra",Galician,,,
A esquerda ante o colapso da civilización industrial,2015,Manuel Casal,Galician,,,
O fim do petróleo,2014,"Xoán Doldán, Casdeiro e Afonso Fernandes",Galician,,,
Guía para o descenso enerxético,2013,Asociación Véspera de Nada,Galician,,,
"Decrescimento, crise, capitalismo",2010,Carlos Taibo,Galician,,,
脱成長、成長後、成長批判について - 日本語,,,,,,
資本主義の次に来る世界,2021,Jason Hickel,Japanese,,,
脱成長,2020,"Serge Latouche, Yoshihiro Nakano (translator)",Japanese,,,
ドーナツ経済学が世界を救う,2018,Kate Raworth,Japanese,,,
"Kasvun kasvusta, jälkikasvusta ja kasvun kritiikistä - Suomeksi",,,,,,
Donitsitaloustiede – seitsemän tapaa ajatella kuin 2000-luvun taloustieteilijä,2018,Kate Raworth,Finnish,,,
Talous kasvun jälkeen,2016,"Joutsenvirta, Maria; Hirvilammi, Tuuli; Ulvila, Marko; Wilén, Kristoffer",Finnish,,,
Mikä ihmeen degrowth? Johdatus kasvukritiikin uuteen aaltoon,2011,Antti Alaja ,Finnish,,,
حول تراجع النمو وما بعده وانتقاداته - اللغة العربية,,,,,,
,,,Arabic,,,
"Par deģresiju, post-augšanu un izaugsmes kritiku - latviešu valodā",,,,,,
Kopīgo resursu pārvaldība krīžu saplūšanas laikā,2022,"Aija Zobena, Renārs Felcis",Latvian,,,
,,,Latvian,,,
"Tasaareng/Degrowthist, post-growthist ja kasvukriitikast - Eesti",,,,,,
,,,Estonian,,,
"O Bezrastová, post-growth a kritike rastu -  Slovenská",,,,,,
,,,Slovak,,,
" O odrast, postrastu i kritikama rasta – Srpski",,,,,,
Odrasnički turizam,2022,Predrag Momčilović,Serbian,,,
"Održivost, odrast I hrana",2019,Predrag Momčilović,Serbian,,,
"A növekedésről, utónövekedésről és a növekedés kritikájáról - Magyar",,,,,,
Serge Latouche: a Nemnövekedés Diszkrét Bája,2011,Serge Latouche,Hungarian,,,
 - Kiswahili,,,,,,
,,,Swahili,,,
 - Русский,,,,,,
,,,Russian,,,
 - Українська,,,,,,
,,,Ukrainian,,,
"Về thoái tăng trưởng, hậu tăng trưởng và phê bình tăng trưởng - Tiếng Việt                                                                                                                                                                                                        ",,,,,,
"Kinh tế học thiêng liêng – Ý nghĩa tinh thần của tiền bạc, quà tặng và cộng đồng",2024,"Charles Eisenstein, translated by: Nhóm Unschool và Book Hunter, edited by: Hà Thủy Nguyên",Vietnamese,,,
Công cụ cộng sinh,2023,"Ivan Illich, Translated by: Nguyễn Phương Anh",Vietnamese,,,
Tương lai sẽ là thoái tăng trưởng,2022,"Matthias Schmelzer, Andrea Vetter, Aaron Vansintjan, Translated by: Phương Anh",Vietnamese,,,