Degrowth Papers Explorer                                                                                                                                                                                                                                                                ,,,,,,,,,,,,,,,,,,
"To access the tool, click here",,,,,,,,,,,,,,,,,,
,,,,,,,,,,,,Categories for the Explorer to function. Please ignore:),,,,,,
,Filters:,Title contains:,,,*Text (A-Z) only,"Welcome to the Degrowth Papers Explorer! 
This tool can allow you to filter and search through almost 1500 degrowthy Academic Articles, Reports, Book Chapters, Book Reviews and BSc, MSc or PhD Theses. You can filter by Year(s) Published, Author(s), Publication Type, Language or Topics (of which there are 43!). As this spreadsheet is 'comment-only', we have made a separate sheet where you can use this tool freely. You can also make a copy of the database, giving you your very own explorer. Thank you Brian Ó Fógartaigh for making this tool <3

New entries will be added once a year. Happy reading! :) 

Please share any bugs, feedback or feature requests here! And please send any additions to explore[at]degrowth.net",,,,,,Year,Author,Publication type,Language,Topic,Sort by,Sort by Columns
,,Published between,Start year: ,2024,,,,,,,,2025,All,All,All,All,Year (desc),B desc
,,,End year: ,2025,,,,,,,,2024,Sheridan,Thesis (Masters),English,"ACTIVISM: Ruptural Strategy, Activists, Resistance, The Degrowth Movement",Year (asc),B asc
,,Author(s):,,All,,,,,,,,2023,Karakaş,Book Chapter,French,"ALLIES: Buen Vivir, Abolitionsm, Ubuntu, Doughnut, Sumak Kawsay, Archaeology Eco-Swaraj, Simpler Way, Social &Solidarity Economy ",Language,F asc
,,Publication Type:,,All,,,,,,,,2022,Pomieciński,Academic Article,Spanish,"ALLOCATION: Trade, Sharing, Gift, Reciprocity, Mutual Aid",Publication type,E asc
,,Language:,,All,,,,,,,,2021,Wegerer & Nadegger,Book Review,Finnish,"ARTS & SPORT: Music, Literature, Cinema, Dance, Professional Sports",Author,C asc
,,Topic:,,All,,,,,,,,2020,Savini,Thesis (Doctorate),Portuguese,"CITY: Housing, Urbanism, Architecture, Municipalism, Spatial Planning, Rurban, Ecovillages",Title,D asc
,,Order by,,Topic,,,,,,,,2019,Stevenson,Thesis (Bachelors),German,"CAPITALISM: Anti-Capitalism, Post-Capitalism, Critiques of Neoliberalism",Topic,S asc
,You can find most papers as PDFs here,,,,,,,,,,,2018,Basso & Krpan,Report,Japanese,"COMMUNICATION: Semantics, Discourse, Terms, Narratives, Propaganda, Messaging, Marketing, Disinformation, Semiotics",,
,,,,,,,,,,,,2017,Koch,Special Issue,Slovenian,"CONSUMPTION: Fashion, Rationing, Social Limits to Growth, Repair",,
,Author (Link),Year,Language,Publication type,Topic,Title,PDF Link (coming soon..),,,,,2016,Delina,,Swedish,CRITICISMS of degrowth their replies  ,,
,Sheridan,2024,English,Thesis (Masters),Activism,Putting Degrowth into Practice: The Creation of the International Degrowth Network,,,,,,2015,Sovacool & Dunlap,,Hungarian,"DECOUPLING: Green Growth, Biophysical Limits to Growth",,
,Ellis-O’Neill,2024,English,Thesis (Masters),Arts & Sport,Poetry and Degrowth: Finding Resonances in Unexpected Places.,,,,,,2014,Racimo et al,,Polish,DEGROWTH/ POST-GROWTH in General,,
,Jobin,2024,English,Thesis (Masters),Arts & Sport,The Creator of Worlds,,,,,,2013,Hughes & Mansilla ,,Bulgarian,DEMOCRACY & AUTONOMY,,
,Best,2024,English,Thesis (Masters),City,"Spatialising degrowth in affluent urban areas: easier said than done as we learn from a study of Zurich, Switzerland",,,,,,2012,Nieding & Postema,,Italian,"DEMOGRAPHICS: Population, Immigration, Attitudes & Polls",,
,Kütükçü,2024,English,Thesis (Masters),City,Urban Degrowth Future for Istanbul: Inspiration From the Classical Ottoman Mahalle,,,,,,2011,Meissner,,Croatian,ECOSOCIALISM: Socialism and Communism ,,
,Giannouli,2024,English,Thesis (Masters),City,Critical Youth Participatory Spatial Planning: Pilot Testing in the City of Kalamata,,,,,,2010,Gambill,,Slovak,"ECOSYSTEMS: Convivial Conservation, Biodiversity, Planetary Health, Animal Welfare, Ecocentrism ",,
,Arellano,2024,English,Thesis (Masters),Communication,An Online Hub for Degrowth Knowledge and Tools to Communicate it,,,,,,2009,Wilson,,Czech,"EDUCATION: Teaching, Pedagogy & Learning",,
,Loftus,2024,English,Thesis (Masters),Communication,The Revolutionary Potential of Fictional Storytelling for Advancing the Degrowth Movement in the United States,,,,,,2008,Lloveras et al,,Lithuanian,"ENERGY: Renewables, Demand, Peak Oil, Energy Communities",,
,Ivanova,2024,English,Thesis (Masters),Communication,Degrowth Marketing: How marketing can provide value to degrowth-oriented organizations,,,,,,2007,Trantas N,,Catalan,"ETHICS: Religion, Spirituality, Mindfulness, Philosophy, Intergenerational Justice, Ethical Consumption, Voluntary Simplicity",,
,Fogarty,2024,English,Thesis (Masters),Communication,Languages of the Future: Minority language revitalisation as a pathway to degrowth,,,,,,2005,Chertkovskaya & Paulsson,,,FEMINISM & GENDER,,
,McShera,2024,English,Thesis (Masters),Consumption,"Clothing Library: Borrow Not Buy, a Path to Behavior Change",,,,,,1999,Heikkurinen,,,"FOOD: Agriculture, Agroecology, Aquaculture, Permaculture, Agroforestry, Food Sovereignty ",,
,Gasparro,2024,English,Book Review,Degrowth/ Post-Growth In General,Book Review: The Future Is Degrowth. A Guide to a World Beyond Capitalism,,,,,,1995,Schoppek,,,"GLOBAL SOUTH: Decoloniality, Post-Development, Pluriverse",,
,Pellini,2024,English,Thesis (Masters),Democracy & Autonomy,Plurality as basis for political action and democratic space in degrowth,,,,,,,Pailloux,,,"GROWTH: Economic Growth, Growth Imperatives, Secular Stagnation",,
,Matevich,2024,English,Thesis (Masters),Ecosystems,Convivial conservation: Systemic transformation through biodiversity conservation,,,,,,,Gearey & Ravenscroft,,,HEALTH & CARE,,
,Chao,2024,English,Thesis (Masters),Education,Online Learning to Expand degrowth Knowledge,,,,,,,Milano et al,,,"HISTORY: Intellectual Roots, Origins, Genealogy, and Development",,
,Erokhin,2024,English,Thesis (Masters),Energy,Can the Foundational Economy enable need satisfaction with low energy use? The case of the EU,,,,,,,Pellizzoni,,,"INDICATORS: Indexes, Objectives, Critiques of GDP, Alternative Indicators",,
,Žďárský,2024,English,Thesis (Doctorate),Feminism & Gender,What is the relevance of masculine subjectivities for degrowth transformation?,,,,,,,Navarro-Jurado et al,,,"INEQUALITY: Injustices, Redistribution, Environmental Justice ",,
,Wilkins,2024,English,Academic Article,Food,The Mana Kai Framework: a degrowth lens,,,,,,,Bliss,,,"INTERNATIONAL: Unequal Exchange, Deglobalisation, Supply Chains, Geopolitics, Relocalisation, Sovereignty, Internationalism",,
,Dandoulaki,2024,English,Thesis (Masters),Food,A Conceptual Post-growth Sustainability Framework for Agrifood Systems,,,,,,,Neyra,,,"MODELS: Macroeconomics, Scenarios, Simulations and Utopias ",,
,Partridge,2024,English,Thesis (Masters),Food,"Stitching together the fabric of a local food economy:
a practice-based project with Urban Patchwork",,,,,,,Zaimakis,,,"MONEY: Public Finances, Modern Monetary Theory, Alternative Currencies, Debt, Divestment, Finance, Banking, Inflation  ",,
,Schutter,2024,English,Report,Global South,"Eradicating poverty beyond growth : report of the Special Rapporteur on Extreme Poverty and Human Rights, Olivier De Schutter",,,,,,,Eversberg & Schmelzer,,,PLANNING,,
,Prajapat,2024,English,Thesis (Masters),Global South,"Envisioning an Alternative Development Pathway for Jaipur, rooted in its Craft Economy",,,,,,,Schmelzer & Eversberg,,,"POLITICS: Governance, Anarchism, The State, Law",,
,Ruiseco,2024,English,Thesis (Masters),Global South,Confronting Growthism: Enoughness in the Global North and South,,,,,,,Berglund,,,"PRODUCTION: Business, Labour, Organization, Cooperatives, Social Entreprises, Entrepreneurship, Management",,
,Paturau,2024,English,Thesis (Masters),Global South,Rethinking Mauritius’ Development Trajectory,,,,,,,Demmer,,,"PROPERTY: Commons, Decommodification, Land, Rent, Gratuity, Dépense",,
,Rabinovitch-Kuzmicki,2024,English,Thesis (Masters),Health & Care,Perceptions of paid versus unpaid work amongst millennial “sandwich caregivers” in Canada,,,,,,,Borch ,,,"RESOURCES: Extractivism, Metabolism, Bioeconomy, Circular Economy, Materials ",,
,Semieniuk,2024,English,Academic Article,Indicators,Inconsistent definitions of GDP: Implications for estimates of decoupling,,,,,,,Asara,,,SUSTAINABLE DEVELOPMENT and the SDGs ,,
,GEF,2024,English,Report,International,Geopolitics of  a Post-Growth: Europe Being More With Less,,,,,,,Lievens,,,"TECHNOLOGY: Innovation, Science, Design, Technocritiques, Technique, Conviviality ",,
,Larsen-Lechuga,2024,English,Thesis (Masters),International,Global Economic Justice for Degrowth: How the Cap and Share Can Enrich the Degrowth Movement,,,,,,,Nielsen,,,TOURISM ,,
,Challet,2024,English,Thesis (Masters),International,Untangling Monetary Dependency and Ecologically Unequal Exchange: A Case Study of Françafrique,,,,,,,D'Alisa et al,,,"TRANSPORT: Mobility, Travel, Infrastructure",,
,Gallagher,2024,English,Thesis (Masters),Politics,Glasgow belongs to who? A case study of neoliberal urban governance in times of climate crisis.,,,,,,,Sicuro,,,"TRANSITIONS: Strategies, Policies, Green New Deals, Reformism, Nowtopias ",,
,Kočović De Santo,2024,English,Thesis (Masters),Politics,Self-management in Yugoslavia: the unwritten historical elements of Degrowth,,,,,,,Trainer,,,WASTE,,
,Wilkins,2025,English,Book Chapter,Production,Corporate-degrowth intrapreneurship,,,,,,,Pailloux & Mège,,,"WATER: Access & Management, Marine & Coastal Ecosystems, Oceans",,
,Ward,2024,English,Thesis (Masters),Production,A Failure of Authority? A Critical Analysis of Voluntary Corporate Sustainability Initiatives and Their Status as the Solution to Industrial Carbon Emissions,,,,,,,Semal,,,"WELLBEING: Welfare, Mental Health, Happiness, The Good Life, Alternative Hedonism",,
,Wilkins,2024,English,Thesis (Masters),Production,Agents of Aspiration: How kaupapa Māori enterprises advance Māori collective aspirations,,,,,,,Grey et al,,,"WORK: Post-Work, Work Time Reduction, Decent Work, Bullshit Jobs, Job Guarantee, Working Conditions ",,
,Pansera et al,2024,English,Academic Article,Technology,The infrastructural conditions of (de-)growth: The case of the internet,,,,,,,Martínez-Alier,,,,,
,Langer,2024,English,Academic Article,Tourism ,COVID-19 as a paradigm shift? Insights from the degrowth debate in tourism,,,,,,,García-García,,,,,
,Mang,2024,English,Thesis (Masters),Transitions,Designing a Post-Growth Industrial Policy Framework,,,,,,,Richter,,,,,
,Stevenson,2024,English,Thesis (Masters),Transitions,Towards an ecosocialist strategy for degrowth,,,,,,,Thind,,,,,
,Van der Slycken,2024,English,Academic Article,Wellbeing,Is Europe faring well with growth? Evidence from a welfare comparison in the EU-15 (1995–2018),,,,,,,van Norren,,,,,
,Vogel et al,2024,English,Academic Article,Wellbeing,Safeguarding livelihoods against reductions in economic output,,,,,,,MacKay,,,,,
,Gartner,2024,English,Thesis (Masters),Work,Towards post-capitalist transformation: Centralizing the role of temporary migrant labour in Global North economies,,,,,,,Luukkanen et al,,,,,
,,,,,,,,,,,,,Adloff  ,,,,,
,,,,,,,,,,,,,Altmann,,,,,
,,,,,,,,,,,,,Flexner,,,,,
,,,,,,,,,,,,,Sirviö,,,,,
,,,,,,,,,,,,,Mendonça Silva,,,,,
,,,,,,,,,,,,,Lehtonen,,,,,
,,,,,,,,,,,,,Elias,,,,,
,,,,,,,,,,,,,Domazet et al,,,,,
,,,,,,,,,,,,,Clavier,,,,,
,,,,,,,,,,,,,Moshenska,,,,,
,,,,,,,,,,,,,Beling et al,,,,,
,,,,,,,,,,,,,Zoellick,,,,,
,,,,,,,,,,,,,Fierro,,,,,
,,,,,,,,,,,,,Civallero & Plaza,,,,,
,,,,,,,,,,,,,Kothari et al,,,,,
,,,,,,,,,,,,,Brasil,,,,,
,,,,,,,,,,,,,Pueyo,,,,,
,,,,,,,,,,,,,Satrustegui,,,,,
,,,,,,,,,,,,,Unceta,,,,,
,,,,,,,,,,,,,Thomson,,,,,
,,,,,,,,,,,,,Garcia,,,,,
,,,,,,,,,,,,,Kitano,,,,,
,,,,,,,,,,,,,Fotopoulos,,,,,
,,,,,,,,,,,,,Grundström,,,,,
,,,,,,,,,,,,,Gkagkalidis,,,,,
,,,,,,,,,,,,,Andreoni,,,,,
,,,,,,,,,,,,,Jarvis,,,,,
,,,,,,,,,,,,,Ellis-O’Neill,,,,,
,,,,,,,,,,,,,Jobin,,,,,
,,,,,,,,,,,,,Chender,,,,,
,,,,,,,,,,,,,Dellacasa & Oliver,,,,,
,,,,,,,,,,,,,Pranjić & Purg,,,,,
,,,,,,,,,,,,,Babović & Kočović,,,,,
,,,,,,,,,,,,,Anastasopoulos et al,,,,,
,,,,,,,,,,,,,Farkas,,,,,
,,,,,,,,,,,,,Szathmári & Kocsis,,,,,
,,,,,,,,,,,,,Pick & Dymond,,,,,
,,,,,,,,,,,,,Rivero-Vadillo,,,,,
,,,,,,,,,,,,,Viricel,,,,,
,,,,,,,,,,,,,Hillborg,,,,,
,,,,,,,,,,,,,Köves et al,,,,,
,,,,,,,,,,,,,Hu,,,,,
,,,,,,,,,,,,,Nilsson,,,,,
,,,,,,,,,,,,,Morgan & Macdonald,,,,,
,,,,,,,,,,,,,Hebert,,,,,
,,,,,,,,,,,,,Wasylycia-Leis,,,,,
,,,,,,,,,,,,,Simpson,,,,,
,,,,,,,,,,,,,Best,,,,,
,,,,,,,,,,,,,Kütükçü,,,,,
,,,,,,,,,,,,,Giannouli,,,,,
,,,,,,,,,,,,,De Castro Mazarro et al,,,,,
,,,,,,,,,,,,,Vandeventer,,,,,
,,,,,,,,,,,,,Juan Ayuso et al,,,,,
,,,,,,,,,,,,,Brokow-Loga & Krüger,,,,,
,,,,,,,,,,,,,Tunstall,,,,,
,,,,,,,,,,,,,Khmara & Kronenberg,,,,,
,,,,,,,,,,,,,Dahlström & Svensson,,,,,
,,,,,,,,,,,,,Melissen et al,,,,,
,,,,,,,,,,,,,Kaika,,,,,
,,,,,,,,,,,,,Calisto Friant et al,,,,,
,,,,,,,,,,,,,Alexander & Shearer,,,,,
,,,,,,,,,,,,,Gavin,,,,,
,,,,,,,,,,,,,Hurtado,,,,,
,,,,,,,,,,,,,Schindler et al,,,,,
,,,,,,,,,,,,,Anantharaman et al,,,,,
,,,,,,,,,,,,,Schmid,,,,,
,,,,,,,,,,,,,Liu,,,,,
,,,,,,,,,,,,,Morris ,,,,,
,,,,,,,,,,,,,Jönsson,,,,,
,,,,,,,,,,,,,Mete,,,,,
,,,,,,,,,,,,,Diaz Moreno,,,,,
,,,,,,,,,,,,,Kitzmann,,,,,
,,,,,,,,,,,,,Sokolovskyi,,,,,
,,,,,,,,,,,,,Ermgassen et al,,,,,
,,,,,,,,,,,,,Espín,,,,,
,,,,,,,,,,,,,Savini & Bossuyt,,,,,
,,,,,,,,,,,,,Pijl,,,,,
,,,,,,,,,,,,,Xue & Kębłowski,,,,,
,,,,,,,,,,,,,Medici & Cavallo,,,,,
,,,,,,,,,,,,,Krähmer,,,,,
,,,,,,,,,,,,,Nesterova,,,,,
,,,,,,,,,,,,,Cassina & Dudareva,,,,,
,,,,,,,,,,,,,Morén James & Pastorino Nyman,,,,,
,,,,,,,,,,,,,Shawa,,,,,
,,,,,,,,,,,,,Visconti,,,,,
,,,,,,,,,,,,,Temmerman & Van den Broeck,,,,,
,,,,,,,,,,,,,Gould & Lewis,,,,,
,,,,,,,,,,,,,Sachs Olsen,,,,,
,,,,,,,,,,,,,Alcântara & Sampaio,,,,,
,,,,,,,,,,,,,Ruiz-Alejos & Prats,,,,,
,,,,,,,,,,,,,Martínez Alonso,,,,,
,,,,,,,,,,,,,Cucca & Friesenecker,,,,,
,,,,,,,,,,,,,Crowley et al,,,,,
,,,,,,,,,,,,,Næss,,,,,
,,,,,,,,,,,,,Xue,,,,,
,,,,,,,,,,,,,Mete & Xue,,,,,
,,,,,,,,,,,,,van der Wal,,,,,
,,,,,,,,,,,,,Cristiano,,,,,
,,,,,,,,,,,,,Knuth et al,,,,,
,,,,,,,,,,,,,Berglund & Julier,,,,,
,,,,,,,,,,,,,Cubes San Salvador del Valle,,,,,
,,,,,,,,,,,,,Górgolas,,,,,
,,,,,,,,,,,,,Beaurain & Chembessi,,,,,
,,,,,,,,,,,,,Alcock,,,,,
,,,,,,,,,,,,,Hackworth,,,,,
,,,,,,,,,,,,,del Valle,,,,,
,,,,,,,,,,,,,Florentin,,,,,
,,,,,,,,,,,,,Violeau,,,,,
,,,,,,,,,,,,,Lehtinen,,,,,
,,,,,,,,,,,,,LeBlanc,,,,,
,,,,,,,,,,,,,Béal et al,,,,,
,,,,,,,,,,,,,Arriero,,,,,
,,,,,,,,,,,,,Grybenaite,,,,,
,,,,,,,,,,,,,Waitz & Meyer,,,,,
,,,,,,,,,,,,,Béal et al ,,,,,
,,,,,,,,,,,,,Amat-Montesinos,,,,,
,,,,,,,,,,,,,Mazzino,,,,,
,,,,,,,,,,,,,Sassi,,,,,
,,,,,,,,,,,,,Wächster,,,,,
,,,,,,,,,,,,,Lietaert,,,,,
,,,,,,,,,,,,,Cattaneo & Gavalda,,,,,
,,,,,,,,,,,,,Díaz,,,,,
,,,,,,,,,,,,,Tomiyama,,,,,
,,,,,,,,,,,,,Dunlap & Marin,,,,,
,,,,,,,,,,,,,Singh Chaudhary,,,,,
,,,,,,,,,,,,,Alcott,,,,,
,,,,,,,,,,,,,Bińczyk,,,,,
,,,,,,,,,,,,,Andreucci & Engel-Di Mauro,,,,,
,,,,,,,,,,,,,Feola,,,,,
,,,,,,,,,,,,,Blühdorn,,,,,
,,,,,,,,,,,,,Kirby,,,,,
,,,,,,,,,,,,,Foster,,,,,
,,,,,,,,,,,,,Flipo,,,,,
,,,,,,,,,,,,,Arellano,,,,,
,,,,,,,,,,,,,Loftus,,,,,
,,,,,,,,,,,,,Ivanova,,,,,
,,,,,,,,,,,,,Fogarty,,,,,
,,,,,,,,,,,,,Maran,,,,,
,,,,,,,,,,,,,Andersen,,,,,
,,,,,,,,,,,,,Augustyn,,,,,
,,,,,,,,,,,,,Lueg & Rennstam,,,,,
,,,,,,,,,,,,,van den Bergh,,,,,
,,,,,,,,,,,,,Stuart et al,,,,,
,,,,,,,,,,,,,L. Paulson & Büchs,,,,,
,,,,,,,,,,,,,Özdemir & Springer,,,,,
,,,,,,,,,,,,,Lloverasa et al,,,,,
,,,,,,,,,,,,,Lavorata ,,,,,
,,,,,,,,,,,,,Zlotowitz & Burton,,,,,
,,,,,,,,,,,,,Kotler,,,,,
,,,,,,,,,,,,,Gómez‐Baggethun,,,,,
,,,,,,,,,,,,,Avery & Butera,,,,,
,,,,,,,,,,,,,Tomaselli et al,,,,,
,,,,,,,,,,,,,Krpan & Basso,,,,,
,,,,,,,,,,,,,Sabev,,,,,
,,,,,,,,,,,,,Beachcroft & Ellis ,,,,,
,,,,,,,,,,,,,Domazet,,,,,
,,,,,,,,,,,,,Beachcroft-Shaw,,,,,
,,,,,,,,,,,,,van den Bergh et al,,,,,
,,,,,,,,,,,,,Drews & Reese,,,,,
,,,,,,,,,,,,,García-López,,,,,
,,,,,,,,,,,,,Drews & Antal,,,,,
,,,,,,,,,,,,,Wrigley,,,,,
,,,,,,,,,,,,,Santamarina et al,,,,,
,,,,,,,,,,,,,Cuesta Martínez,,,,,
,,,,,,,,,,,,,Barranquero,,,,,
,,,,,,,,,,,,,Dylan,,,,,
,,,,,,,,,,,,,Cazeloto,,,,,
,,,,,,,,,,,,,McShera,,,,,
,,,,,,,,,,,,,Sigaard & Laitalaa,,,,,
,,,,,,,,,,,,,Tvorun-Dunn & Pascaru,,,,,
,,,,,,,,,,,,,Ellsworth-Krebs,,,,,
,,,,,,,,,,,,,Boréus et al,,,,,
,,,,,,,,,,,,,Pettini & Musikanski ,,,,,
,,,,,,,,,,,,,Niessen,,,,,
,,,,,,,,,,,,,Smith et al,,,,,
,,,,,,,,,,,,,Boström et al,,,,,
,,,,,,,,,,,,,Baranowski & Kopnina,,,,,
,,,,,,,,,,,,,Zakharova et al,,,,,
,,,,,,,,,,,,,Smith,,,,,
,,,,,,,,,,,,,Kalaniemi et al,,,,,
,,,,,,,,,,,,,Kirsi Niinimäki et al,,,,,
,,,,,,,,,,,,,Hüttel et al,,,,,
,,,,,,,,,,,,,Joanes,,,,,
,,,,,,,,,,,,,Guldenbrein,,,,,
,,,,,,,,,,,,,Ahvenharju,,,,,
,,,,,,,,,,,,,Salimath & Chandna,,,,,
,,,,,,,,,,,,,Gezon,,,,,
,,,,,,,,,,,,,Cruz,,,,,
,,,,,,,,,,,,,Joyner et al,,,,,
,,,,,,,,,,,,,Palminhas,,,,,
,,,,,,,,,,,,,Bossy,,,,,
,,,,,,,,,,,,,Spangenberg,,,,,
,,,,,,,,,,,,,Fontana et al,,,,,
,,,,,,,,,,,,,Lorek & Fuchs,,,,,
,,,,,,,,,,,,,Lepistö,,,,,
,,,,,,,,,,,,,Masferrer-Dodas,,,,,
,,,,,,,,,,,,,Berg,,,,,
,,,,,,,,,,,,,García,,,,,
,,,,,,,,,,,,,Hamilton,,,,,
,,,,,,,,,,,,,Latouche,,,,,
,,,,,,,,,,,,,Lee et al,,,,,
,,,,,,,,,,,,,Lindner,,,,,
,,,,,,,,,,,,,Kirchherr,,,,,
,,,,,,,,,,,,,Hickel & Hallegatte,,,,,
,,,,,,,,,,,,,Ishiwata,,,,,
,,,,,,,,,,,,,Tsuda,,,,,
,,,,,,,,,,,,,Howson et al,,,,,
,,,,,,,,,,,,,Kallis,,,,,
,,,,,,,,,,,,,Huber,,,,,
,,,,,,,,,,,,,Maldonado,,,,,
,,,,,,,,,,,,,Watson,,,,,
,,,,,,,,,,,,,Caradonna et al,,,,,
,,,,,,,,,,,,,Cavanagh,,,,,
,,,,,,,,,,,,,Wurst,,,,,
,,,,,,,,,,,,,Zorzin,,,,,
,,,,,,,,,,,,,Robbins,,,,,
,,,,,,,,,,,,,Gómez-Baggethun,,,,,
,,,,,,,,,,,,,Krüger,,,,,
,,,,,,,,,,,,,Burton & Somerville,,,,,
,,,,,,,,,,,,,Schwartzman & Mauro,,,,,
,,,,,,,,,,,,,Pollin,,,,,
,,,,,,,,,,,,,Pollin et al,,,,,
,,,,,,,,,,,,,Muratori,,,,,
,,,,,,,,,,,,,Mocca,,,,,
,,,,,,,,,,,,,Finley,,,,,
,,,,,,,,,,,,,Liodakis,,,,,
,,,,,,,,,,,,,Kish &Quilley,,,,,
,,,,,,,,,,,,,Roth,,,,,
,,,,,,,,,,,,,Romano,,,,,
,,,,,,,,,,,,,Markantonatou,,,,,
,,,,,,,,,,,,,Schwartzman,,,,,
,,,,,,,,,,,,,Whitehead,,,,,
,,,,,,,,,,,,,Quilley,,,,,
,,,,,,,,,,,,,Brownhill et al,,,,,
,,,,,,,,,,,,,Correia,,,,,
,,,,,,,,,,,,,Van den Bergh,,,,,
,,,,,,,,,,,,,Harribey,,,,,
,,,,,,,,,,,,,Vogel & Hickel,,,,,
,,,,,,,,,,,,,Maher & McEvoy ,,,,,
,,,,,,,,,,,,,Kuruvilla Pandikattu,,,,,
,,,,,,,,,,,,,Warlenius,,,,,
,,,,,,,,,,,,,Kutac,,,,,
,,,,,,,,,,,,,Boston,,,,,
,,,,,,,,,,,,,Lenaerts et al,,,,,
,,,,,,,,,,,,,D'Alisa & Sekulova,,,,,
,,,,,,,,,,,,,Priewe,,,,,
,,,,,,,,,,,,,Emori,,,,,
,,,,,,,,,,,,,Buch-Hansen & Carstensen,,,,,
,,,,,,,,,,,,,Vazquez-Brust & Plaza-Úbeda,,,,,
,,,,,,,,,,,,,Pyakurel,,,,,
,,,,,,,,,,,,,Capasso,,,,,
,,,,,,,,,,,,,Jakob et al,,,,,
,,,,,,,,,,,,,Shao,,,,,
,,,,,,,,,,,,,Wiedenhofer et al,,,,,
,,,,,,,,,,,,,Hickel & Kallis,,,,,
,,,,,,,,,,,,,Albert,,,,,
,,,,,,,,,,,,,Lilja,,,,,
,,,,,,,,,,,,,Sandberg et al,,,,,
,,,,,,,,,,,,,Mikkelson,,,,,
,,,,,,,,,,,,,Sol,,,,,
,,,,,,,,,,,,,Döring  ,,,,,
,,,,,,,,,,,,,Gunderson et al,,,,,
,,,,,,,,,,,,,Conte Grand &  D’Elia,,,,,
,,,,,,,,,,,,,Sademies,,,,,
,,,,,,,,,,,,,Gunderson &Yun,,,,,
,,,,,,,,,,,,,Gibbs & O'Neill,,,,,
,,,,,,,,,,,,,Nørgård & Xue,,,,,
,,,,,,,,,,,,,Urhammer,,,,,
,,,,,,,,,,,,,Farley & Voinov,,,,,
,,,,,,,,,,,,,Ramos-Martin,,,,,
,,,,,,,,,,,,,McAfee ,,,,,
,,,,,,,,,,,,,Fischer-Kowalski & Haberl,,,,,
,,,,,,,,,,,,,Bailey & Schulz,,,,,
,,,,,,,,,,,,,Loske,,,,,
,,,,,,,,,,,,,Simons,,,,,
,,,,,,,,,,,,,Van den Bergh & Kallis,,,,,
,,,,,,,,,,,,,"Grenholm, Grenholm",,,,,
,,,,,,,,,,,,,Mauerhofer,,,,,
,,,,,,,,,,,,,Cechin & Pacini,,,,,
,,,,,,,,,,,,,Berg & Hukkinen,,,,,
,,,,,,,,,,,,,Hueting,,,,,
,,,,,,,,,,,,,Gasparro,,,,,
,,,,,,,,,,,,,Buch-Hansen & Nesterova,,,,,
,,,,,,,,,,,,,Elizalde Hevia,,,,,
,,,,,,,,,,,,,Wienke & Bernardes,,,,,
,,,,,,,,,,,,,Hunyadi,,,,,
,,,,,,,,,,,,,Demaria & Gómez-Baggethun,,,,,
,,,,,,,,,,,,,Buch-Hansen,,,,,
,,,,,,,,,,,,,Hickel et al,,,,,
,,,,,,,,,,,,,Donizetti & Ribeiro ,,,,,
,,,,,,,,,,,,,Ishii,,,,,
,,,,,,,,,,,,,Probst,,,,,
,,,,,,,,,,,,,López-Dinardi,,,,,
,,,,,,,,,,,,,Kallis et al,,,,,
,,,,,,,,,,,,,Chertkovskaya,,,,,
,,,,,,,,,,,,,D’Aponte,,,,,
,,,,,,,,,,,,,Remblance,,,,,
,,,,,,,,,,,,,Nelson,,,,,
,,,,,,,,,,,,,Reyes Najera & Bozhidarova Popova,,,,,
,,,,,,,,,,,,,Windegger & Spash,,,,,
,,,,,,,,,,,,,Upadhyay,,,,,
,,,,,,,,,,,,,Dengler,,,,,
,,,,,,,,,,,,,Leff,,,,,
,,,,,,,,,,,,,Dick,,,,,
,,,,,,,,,,,,,Aguado,,,,,
,,,,,,,,,,,,,Akbulut,,,,,
,,,,,,,,,,,,,Duflot et al,,,,,
,,,,,,,,,,,,,Nicoson,,,,,
,,,,,,,,,,,,,Van Der Woude,,,,,
,,,,,,,,,,,,,Hanaček et al,,,,,
,,,,,,,,,,,,,Hickel,,,,,
,,,,,,,,,,,,,Morgan,,,,,
,,,,,,,,,,,,,Brossmann & Islar,,,,,
,,,,,,,,,,,,,Parrique,,,,,
,,,,,,,,,,,,,Demaria et al,,,,,
,,,,,,,,,,,,,Horrie,,,,,
,,,,,,,,,,,,,Rupprecht,,,,,
,,,,,,,,,,,,,Crownshaw et al,,,,,
,,,,,,,,,,,,,Pesch,,,,,
,,,,,,,,,,,,,Krueger et al,,,,,
,,,,,,,,,,,,,Toro,,,,,
,,,,,,,,,,,,,Pérez,,,,,
,,,,,,,,,,,,,Paulson,,,,,
,,,,,,,,,,,,,Chertkovskaya et al,,,,,
,,,,,,,,,,,,,Weiss & Cattaneo,,,,,
,,,,,,,,,,,,,Reichel et al,,,,,
,,,,,,,,,,,,,Graefe,,,,,
,,,,,,,,,,,,,Zozul'akova,,,,,
,,,,,,,,,,,,,Fauré et al,,,,,
,,,,,,,,,,,,,Lorenz,,,,,
,,,,,,,,,,,,,Muraca et al,,,,,
,,,,,,,,,,,,,Healy et al,,,,,
,,,,,,,,,,,,,Kallis & March,,,,,
,,,,,,,,,,,,,Masaki,,,,,
,,,,,,,,,,,,,Pradanos,,,,,
,,,,,,,,,,,,,Iranzo-Amatriain,,,,,
,,,,,,,,,,,,,Asara et al,,,,,
,,,,,,,,,,,,,O'Neill,,,,,
,,,,,,,,,,,,,Bell,,,,,
,,,,,,,,,,,,,Alexander,,,,,
,,,,,,,,,,,,,Gutiérrez,,,,,
,,,,,,,,,,,,,Garver,,,,,
,,,,,,,,,,,,,Candiago,,,,,
,,,,,,,,,,,,,Bonaiuti,,,,,
,,,,,,,,,,,,,Muraca,,,,,
,,,,,,,,,,,,,Hahn et al,,,,,
,,,,,,,,,,,,,Assadourian,,,,,
,,,,,,,,,,,,,Saed,,,,,
,,,,,,,,,,,,,Furusawa,,,,,
,,,,,,,,,,,,,Andersson,,,,,
,,,,,,,,,,,,,Perez-Carmona,,,,,
,,,,,,,,,,,,,Schulz,,,,,
,,,,,,,,,,,,,Schneider et al,,,,,
,,,,,,,,,,,,,Kerschner,,,,,
,,,,,,,,,,,,,Martinez-Alier et al,,,,,
,,,,,,,,,,,,,Martinez-Alier,,,,,
,,,,,,,,,,,,,Fournier,,,,,
,,,,,,,,,,,,,Pellini,,,,,
,,,,,,,,,,,,,Eversberg,,,,,
,,,,,,,,,,,,,Söderbaum,,,,,
,,,,,,,,,,,,,Vergara-Camus,,,,,
,,,,,,,,,,,,,Alarcon Ferrari & Chartier,,,,,
,,,,,,,,,,,,,Karlsson,,,,,
,,,,,,,,,,,,,Deriu,,,,,
,,,,,,,,,,,,,Boillat et al,,,,,
,,,,,,,,,,,,,Cattaneo et al,,,,,
,,,,,,,,,,,,,Ott,,,,,
,,,,,,,,,,,,,Johanisova & Wolf,,,,,
,,,,,,,,,,,,,Federico,,,,,
,,,,,,,,,,,,,Kallie et al,,,,,
,,,,,,,,,,,,,Kaltenborn et al,,,,,
,,,,,,,,,,,,,King et al,,,,,
,,,,,,,,,,,,,Koskimäki,,,,,
,,,,,,,,,,,,,Suter,,,,,
,,,,,,,,,,,,,Ufer,,,,,
,,,,,,,,,,,,,Lehmann et al,,,,,
,,,,,,,,,,,,,Ivanova & Büchs,,,,,
,,,,,,,,,,,,,Thorman,,,,,
,,,,,,,,,,,,,Lübker et al,,,,,
,,,,,,,,,,,,,Savin et al,,,,,
,,,,,,,,,,,,,Gugushvili,,,,,
,,,,,,,,,,,,,Kopnina et al,,,,,
,,,,,,,,,,,,,Mailhot Prévost,,,,,
,,,,,,,,,,,,,Ajulo et al,,,,,
,,,,,,,,,,,,,Drews,,,,,
,,,,,,,,,,,,,Petersen et al,,,,,
,,,,,,,,,,,,,Buhr et al,,,,,
,,,,,,,,,,,,,Domazet & Ančić,,,,,
,,,,,,,,,,,,,Cattaneo,,,,,
,,,,,,,,,,,,,Drews & van den Bergh,,,,,
,,,,,,,,,,,,,Vieira,,,,,
,,,,,,,,,,,,,Ančić & Domazet,,,,,
,,,,,,,,,,,,,Kocsis,,,,,
,,,,,,,,,,,,,Sutherland,,,,,
,,,,,,,,,,,,,Jackson ,,,,,
,,,,,,,,,,,,,Kadt,,,,,
,,,,,,,,,,,,,Ehara,,,,,
,,,,,,,,,,,,,Powers et al,,,,,
,,,,,,,,,,,,,Franco,,,,,
,,,,,,,,,,,,,Lawhon et al,,,,,
,,,,,,,,,,,,,Gerber,,,,,
,,,,,,,,,,,,,Lianos,,,,,
,,,,,,,,,,,,,Sklair,,,,,
,,,,,,,,,,,,,Pineault,,,,,
,,,,,,,,,,,,,Brand,,,,,
,,,,,,,,,,,,,Matevich,,,,,
,,,,,,,,,,,,,Fletcher,,,,,
,,,,,,,,,,,,,Müller & Blázquez-Salom,,,,,
,,,,,,,,,,,,,Singh et al,,,,,
,,,,,,,,,,,,,Charatkar,,,,,
,,,,,,,,,,,,,Gupta et al,,,,,
,,,,,,,,,,,,,Cox & Stevenson,,,,,
,,,,,,,,,,,,,Rockström et al,,,,,
,,,,,,,,,,,,,Ferreira et al,,,,,
,,,,,,,,,,,,,Srinivasan,,,,,
,,,,,,,,,,,,,Moranta et al,,,,,
,,,,,,,,,,,,,Sandbrook et al,,,,,
,,,,,,,,,,,,,Chao,,,,,
,,,,,,,,,,,,,Palomo & Díez Gutiérrez,,,,,
,,,,,,,,,,,,,Laasch,,,,,
,,,,,,,,,,,,,Espinet et al,,,,,
,,,,,,,,,,,,,Irwin,,,,,
,,,,,,,,,,,,,Samaniego,,,,,
,,,,,,,,,,,,,White,,,,,
,,,,,,,,,,,,,Díez-Gutiérrez et al,,,,,
,,,,,,,,,,,,,Kowasch,,,,,
,,,,,,,,,,,,,Collado-Ruano & Segovia,,,,,
,,,,,,,,,,,,,Kopnina,,,,,
,,,,,,,,,,,,,Guerrero Fernández et al,,,,,
,,,,,,,,,,,,,Gotlieb & Aliouane-Shaw ,,,,,
,,,,,,,,,,,,,Díez Gutiérrez & Palomo Cermeño,,,,,
,,,,,,,,,,,,,Thompson,,,,,
,,,,,,,,,,,,,Díez Gutiérrez,,,,,
,,,,,,,,,,,,,Rodríguez Marín et al,,,,,
,,,,,,,,,,,,,Bobulescu,,,,,
,,,,,,,,,,,,,McCloskey,,,,,
,,,,,,,,,,,,,Griffiths,,,,,
,,,,,,,,,,,,,Dhara & Singh,,,,,
,,,,,,,,,,,,,Oliveira Andreotti,,,,,
,,,,,,,,,,,,,Glavič,,,,,
,,,,,,,,,,,,,Eugenio-Gozalbo et al,,,,,
,,,,,,,,,,,,,Gills & Morgan,,,,,
,,,,,,,,,,,,,Jones,,,,,
,,,,,,,,,,,,,Mielkov,,,,,
,,,,,,,,,,,,,Díez Gutiérrez & Díaz Nafría,,,,,
,,,,,,,,,,,,,Kaufmann et al,,,,,
,,,,,,,,,,,,,Getzin,,,,,
,,,,,,,,,,,,,Merino & M. Díaz,,,,,
,,,,,,,,,,,,,De Vita & Bertell,,,,,
,,,,,,,,,,,,,Getzin & Singer-Brodowski,,,,,
,,,,,,,,,,,,,Broto & Dewberry,,,,,
,,,,,,,,,,,,,Witoszek,,,,,
,,,,,,,,,,,,,Zaldívar,,,,,
,,,,,,,,,,,,,Barrantes-Montero,,,,,
,,,,,,,,,,,,,Martínez Scott et al,,,,,
,,,,,,,,,,,,,Ylänne,,,,,
,,,,,,,,,,,,,Hiroi,,,,,
,,,,,,,,,,,,,Erokhin,,,,,
,,,,,,,,,,,,,Dunlap,,,,,
,,,,,,,,,,,,,Karam & Shokrgozar,,,,,
,,,,,,,,,,,,,Vezzoni,,,,,
,,,,,,,,,,,,,Diesendorf,,,,,
,,,,,,,,,,,,,Velasco-Herrejón et al,,,,,
,,,,,,,,,,,,,Gibellato et al,,,,,
,,,,,,,,,,,,,Sgouridis et al,,,,,
,,,,,,,,,,,,,Villegas Mendoza,,,,,
,,,,,,,,,,,,,Tsagkari et al,,,,,
,,,,,,,,,,,,,Ralph,,,,,
,,,,,,,,,,,,,Lallana et al,,,,,
,,,,,,,,,,,,,Bobulescu & Fritscheova,,,,,
,,,,,,,,,,,,,García García,,,,,
,,,,,,,,,,,,,Hardt et al,,,,,
,,,,,,,,,,,,,Akizu-Gardoki et al ,,,,,
,,,,,,,,,,,,,Bell et al  ,,,,,
,,,,,,,,,,,,,Alexander & Floyd,,,,,
,,,,,,,,,,,,,Alexander & Gleeson,,,,,
,,,,,,,,,,,,,FitzRoy ,,,,,
,,,,,,,,,,,,,Mookerjea,,,,,
,,,,,,,,,,,,,Metze,,,,,
,,,,,,,,,,,,,Carton,,,,,
,,,,,,,,,,,,,Rommel et al,,,,,
,,,,,,,,,,,,,Palle,,,,,
,,,,,,,,,,,,,"Srinivasan, & Reddy",,,,,
,,,,,,,,,,,,,Kunze & Becker,,,,,
,,,,,,,,,,,,,Capellán-Pérez,,,,,
,,,,,,,,,,,,,Kalimeris et al,,,,,
,,,,,,,,,,,,,Salvador,,,,,
,,,,,,,,,,,,,Sorman & Giampioetro,,,,,
,,,,,,,,,,,,,Bettini & Karaliotas,,,,,
,,,,,,,,,,,,,D'Alessandro et al,,,,,
,,,,,,,,,,,,,Zuanic,,,,,
,,,,,,,,,,,,,Martinet et al,,,,,
,,,,,,,,,,,,,Borgoño,,,,,
,,,,,,,,,,,,,Baron,,,,,
,,,,,,,,,,,,,Guć,,,,,
,,,,,,,,,,,,,Koller,,,,,
,,,,,,,,,,,,,Maximová,,,,,
,,,,,,,,,,,,,Zachara-Szymańska,,,,,
,,,,,,,,,,,,,Eimermann et al,,,,,
,,,,,,,,,,,,,Paiva,,,,,
,,,,,,,,,,,,,Oliveira de Mendonça et al,,,,,
,,,,,,,,,,,,,Vlasov,,,,,
,,,,,,,,,,,,,Lestar & Böhm,,,,,
,,,,,,,,,,,,,Murcia & Tomaselli,,,,,
,,,,,,,,,,,,,Zagonari ,,,,,
,,,,,,,,,,,,,Leboš,,,,,
,,,,,,,,,,,,,Introna,,,,,
,,,,,,,,,,,,,Puggioni,,,,,
,,,,,,,,,,,,,Cox Hall,,,,,
,,,,,,,,,,,,,Stachowska,,,,,
,,,,,,,,,,,,,Høyer & Næss,,,,,
,,,,,,,,,,,,,Bonin & Prasad,,,,,
,,,,,,,,,,,,,Auclair,,,,,
,,,,,,,,,,,,,Philippe,,,,,
,,,,,,,,,,,,,Žďárský,,,,,
,,,,,,,,,,,,,FaDA Writing Collective,,,,,
,,,,,,,,,,,,,Churchill,,,,,
,,,,,,,,,,,,,Orozco & Mason-Deese,,,,,
,,,,,,,,,,,,,Abazeri,,,,,
,,,,,,,,,,,,,Khanna,,,,,
,,,,,,,,,,,,,Bock,,,,,
,,,,,,,,,,,,,Mehta & Harcourt,,,,,
,,,,,,,,,,,,,Dengler & Lang,,,,,
,,,,,,,,,,,,,Zimmermann & Simon,,,,,
,,,,,,,,,,,,,Houtbeckers & Gaziulusoy,,,,,
,,,,,,,,,,,,,Bennholdt-Thomsen,,,,,
,,,,,,,,,,,,,Prieto & Dominguez-Serrano,,,,,
,,,,,,,,,,,,,Littig,,,,,
,,,,,,,,,,,,,Bauhardt,,,,,
,,,,,,,,,,,,,Soete,,,,,
,,,,,,,,,,,,,Perkins,,,,,
,,,,,,,,,,,,,Wilkins,,,,,
,,,,,,,,,,,,,Dandoulaki,,,,,
,,,,,,,,,,,,,Partridge,,,,,
,,,,,,,,,,,,,Guerrero Lara et al,,,,,
,,,,,,,,,,,,,Vicdan,,,,,
,,,,,,,,,,,,,Zaruk,,,,,
,,,,,,,,,,,,,Spanier,,,,,
,,,,,,,,,,,,,Tzekou & Gritzas,,,,,
,,,,,,,,,,,,,Gibson,,,,,
,,,,,,,,,,,,,Kumar,,,,,
,,,,,,,,,,,,,Bozsogi,,,,,
,,,,,,,,,,,,,Lehner,,,,,
,,,,,,,,,,,,,Stella Faye,,,,,
,,,,,,,,,,,,,Takacs-Gyorgy & Takacs,,,,,
,,,,,,,,,,,,,LaFleur,,,,,
,,,,,,,,,,,,,Flachs,,,,,
,,,,,,,,,,,,,Vasconcelos,,,,,
,,,,,,,,,,,,,Stöckelová et al,,,,,
,,,,,,,,,,,,,McGreevy et al,,,,,
,,,,,,,,,,,,,Bodirsky et al,,,,,
,,,,,,,,,,,,,Chakori et al,,,,,
,,,,,,,,,,,,,Selwyn,,,,,
,,,,,,,,,,,,,Scheidel et al,,,,,
,,,,,,,,,,,,,Rose,,,,,
,,,,,,,,,,,,,Kish & Quilley,,,,,
,,,,,,,,,,,,,Hoehn et al,,,,,
,,,,,,,,,,,,,Opoien,,,,,
,,,,,,,,,,,,,Hoehn Capracci,,,,,
,,,,,,,,,,,,,Rooney & Vallianatos,,,,,
,,,,,,,,,,,,,Gertenbach et al,,,,,
,,,,,,,,,,,,,Ruetgers,,,,,
,,,,,,,,,,,,,Gürsoy,,,,,
,,,,,,,,,,,,,Öz & Aksoy,,,,,
,,,,,,,,,,,,,Korsunsky,,,,,
,,,,,,,,,,,,,Alfinito & Cesar,,,,,
,,,,,,,,,,,,,Lopez,,,,,
,,,,,,,,,,,,,Gomiero,,,,,
,,,,,,,,,,,,,Bayler,,,,,
,,,,,,,,,,,,,Linnemann,,,,,
,,,,,,,,,,,,,Bartkowski,,,,,
,,,,,,,,,,,,,Cerderlöf,,,,,
,,,,,,,,,,,,,Pimentel et al,,,,,
,,,,,,,,,,,,,Bloemmen et al,,,,,
,,,,,,,,,,,,,González de Molina,,,,,
,,,,,,,,,,,,,Harasym & Podeszwa,,,,,
,,,,,,,,,,,,,Díaz-Escobar,,,,,
,,,,,,,,,,,,,Testoni et al,,,,,
,,,,,,,,,,,,,Amate & De Molina,,,,,
,,,,,,,,,,,,,Perdikaris & Paschos,,,,,
,,,,,,,,,,,,,Schutter,,,,,
,,,,,,,,,,,,,Prajapat,,,,,
,,,,,,,,,,,,,Ruiseco,,,,,
,,,,,,,,,,,,,Paturau,,,,,
,,,,,,,,,,,,,Gräbner-Radkowitsch & Strunk,,,,,
,,,,,,,,,,,,,Singh & Bajwa,,,,,
,,,,,,,,,,,,,Agenjo-Calderón,,,,,
,,,,,,,,,,,,,De Santo et al,,,,,
,,,,,,,,,,,,,Ferretti,,,,,
,,,,,,,,,,,,,Cabaña Alvear & Vandana,,,,,
,,,,,,,,,,,,,Schmelzer & Nowshin ,,,,,
,,,,,,,,,,,,,Alonso Puelles,,,,,
,,,,,,,,,,,,,Lin Frame,,,,,
,,,,,,,,,,,,,Ravikumar et al,,,,,
,,,,,,,,,,,,,Joseph & Koudur,,,,,
,,,,,,,,,,,,,Ramcilovic-Suominen,,,,,
,,,,,,,,,,,,,Ghosh,,,,,
,,,,,,,,,,,,,de Castro & López-Dinardi,,,,,
,,,,,,,,,,,,,Berlanda et al,,,,,
,,,,,,,,,,,,,Piccardi,,,,,
,,,,,,,,,,,,,Lamba-Nieves,,,,,
,,,,,,,,,,,,,Paño Yáñez,,,,,
,,,,,,,,,,,,,Ramcilovic‐Suominen,,,,,
,,,,,,,,,,,,,Garcia-Arias & Schöneberg,,,,,
,,,,,,,,,,,,,Nirmal & Rocheleau,,,,,
,,,,,,,,,,,,,Beling,,,,,
,,,,,,,,,,,,,Frost,,,,,
,,,,,,,,,,,,,Rodriguez-Labajos et al,,,,,
,,,,,,,,,,,,,Gabriel et al,,,,,
,,,,,,,,,,,,,Dengler & Seebacher,,,,,
,,,,,,,,,,,,,Gerber & Raina,,,,,
,,,,,,,,,,,,,Fernandes & Américo da Silva,,,,,
,,,,,,,,,,,,,Chiengkul,,,,,
,,,,,,,,,,,,,Bendix,,,,,
,,,,,,,,,,,,,Demaria & Kothari,,,,,
,,,,,,,,,,,,,Cubillo-Guevara et al,,,,,
,,,,,,,,,,,,,Escobar,,,,,
,,,,,,,,,,,,,Matos de Oliveira,,,,,
,,,,,,,,,,,,,Kiyama,,,,,
,,,,,,,,,,,,,Zermeño,,,,,
,,,,,,,,,,,,,Schmelzer,,,,,
,,,,,,,,,,,,,Halonen,,,,,
,,,,,,,,,,,,,Marsiglio & Privileggi ,,,,,
,,,,,,,,,,,,,Petel & Vander Putten,,,,,
,,,,,,,,,,,,,Schor & Jorgenson,,,,,
,,,,,,,,,,,,,Lange et al,,,,,
,,,,,,,,,,,,,Polex & Lenschow,,,,,
,,,,,,,,,,,,,Haapanen & Tapio,,,,,
,,,,,,,,,,,,,Lloveras & Quinn,,,,,
,,,,,,,,,,,,,Ashford,,,,,
,,,,,,,,,,,,,Kaivo-oja et al,,,,,
,,,,,,,,,,,,,Dale,,,,,
,,,,,,,,,,,,,Klitgaard & Krall,,,,,
,,,,,,,,,,,,,Altvater,,,,,
,,,,,,,,,,,,,Rabinovitch-Kuzmicki,,,,,
,,,,,,,,,,,,,Woerden et al,,,,,
,,,,,,,,,,,,,Bodini,,,,,
,,,,,,,,,,,,,Hensher,,,,,
,,,,,,,,,,,,,van de Pas,,,,,
,,,,,,,,,,,,,Hiyoshi et al,,,,,
,,,,,,,,,,,,,Singh & Hickel,,,,,
,,,,,,,,,,,,,Van de Pas,,,,,
,,,,,,,,,,,,,Labonté,,,,,
,,,,,,,,,,,,,Ouimet et al,,,,,
,,,,,,,,,,,,,Zywert,,,,,
,,,,,,,,,,,,,Godziewski,,,,,
,,,,,,,,,,,,,Aillon & Cardito,,,,,
,,,,,,,,,,,,,Missoni & Galindo,,,,,
,,,,,,,,,,,,,Barlow et al,,,,,
,,,,,,,,,,,,,Weydmann,,,,,
,,,,,,,,,,,,,Paulson et al,,,,,
,,,,,,,,,,,,,Besombes,,,,,
,,,,,,,,,,,,,Modonesi,,,,,
,,,,,,,,,,,,,Hensher & Zywert,,,,,
,,,,,,,,,,,,,Zywert & Quilley,,,,,
,,,,,,,,,,,,,Wichterich,,,,,
,,,,,,,,,,,,,Borrowy & Aillon,,,,,
,,,,,,,,,,,,,Dengler & Strunk,,,,,
,,,,,,,,,,,,,Benatar & Poland,,,,,
,,,,,,,,,,,,,Missoni,,,,,
,,,,,,,,,,,,,De Vogli & Owusu,,,,,
,,,,,,,,,,,,,Borowy,,,,,
,,,,,,,,,,,,,Hendsoldt,,,,,
,,,,,,,,,,,,,Fiscella,,,,,
,,,,,,,,,,,,,Desvallées et al,,,,,
,,,,,,,,,,,,,Grove et al,,,,,
,,,,,,,,,,,,,Benjaminsen,,,,,
,,,,,,,,,,,,,Alioui,,,,,
,,,,,,,,,,,,,Duverger,,,,,
,,,,,,,,,,,,,Spash,,,,,
,,,,,,,,,,,,,Koch & Buch-Hansen,,,,,
,,,,,,,,,,,,,Eversberg & Muraca,,,,,
,,,,,,,,,,,,,Pirgmaier & Steinberger,,,,,
,,,,,,,,,,,,,Barca,,,,,
,,,,,,,,,,,,,Corroto et al,,,,,
,,,,,,,,,,,,,Crétois,,,,,
,,,,,,,,,,,,,Muraca & Schmelzer,,,,,
,,,,,,,,,,,,,Sutter,,,,,
,,,,,,,,,,,,,Hirschman,,,,,
,,,,,,,,,,,,,Gollain,,,,,
,,,,,,,,,,,,,Hohos,,,,,
,,,,,,,,,,,,,Missemer,,,,,
,,,,,,,,,,,,,Tortarolo,,,,,
,,,,,,,,,,,,,Piqueras et al,,,,,
,,,,,,,,,,,,,Berthier et al,,,,,
,,,,,,,,,,,,,Fraňková & Johanisová,,,,,
,,,,,,,,,,,,,Habermann,,,,,
,,,,,,,,,,,,,Pulsini,,,,,
,,,,,,,,,,,,,Gheorghica,,,,,
,,,,,,,,,,,,,Smart,,,,,
,,,,,,,,,,,,,Levallois,,,,,
,,,,,,,,,,,,,Research & Degrowth,,,,,
,,,,,,,,,,,,,Sippel,,,,,
,,,,,,,,,,,,,Semieniuk,,,,,
,,,,,,,,,,,,,Lux,,,,,
,,,,,,,,,,,,,Van der Slycken & Bleys,,,,,
,,,,,,,,,,,,,Masaki ,,,,,
,,,,,,,,,,,,,Rigal,,,,,
,,,,,,,,,,,,,Karatopouzis et al,,,,,
,,,,,,,,,,,,,Requena-i-mora & Brockington,,,,,
,,,,,,,,,,,,,Malerba ,,,,,
,,,,,,,,,,,,,Gonzalez,,,,,
,,,,,,,,,,,,,Weedmark-Kish,,,,,
,,,,,,,,,,,,,Yarrow,,,,,
,,,,,,,,,,,,,Verma,,,,,
,,,,,,,,,,,,,Hahnel ,,,,,
,,,,,,,,,,,,,Hobson,,,,,
,,,,,,,,,,,,,O’Neill,,,,,
,,,,,,,,,,,,,Cosme,,,,,
,,,,,,,,,,,,,Thiry,,,,,
,,,,,,,,,,,,,Kinoshita,,,,,
,,,,,,,,,,,,,François et al,,,,,
,,,,,,,,,,,,,Kumeh & Ramčilović-Suominen,,,,,
,,,,,,,,,,,,,Zimm et al,,,,,
,,,,,,,,,,,,,Hennen,,,,,
,,,,,,,,,,,,,Apostel & O'Neill,,,,,
,,,,,,,,,,,,,Jackson & Victor,,,,,
,,,,,,,,,,,,,Hartley et al,,,,,
,,,,,,,,,,,,,Pérez-Rincón et al,,,,,
,,,,,,,,,,,,,Scheidel & Schaffartzik,,,,,
,,,,,,,,,,,,,Akbulut et al,,,,,
,,,,,,,,,,,,,Buch-Hansen & Koch,,,,,
,,,,,,,,,,,,,Singh,,,,,
,,,,,,,,,,,,,Gabriel & Bond,,,,,
,,,,,,,,,,,,,Muradian,,,,,
,,,,,,,,,,,,,Leonardi,,,,,
,,,,,,,,,,,,,Otto,,,,,
,,,,,,,,,,,,,Qafa,,,,,
,,,,,,,,,,,,,Jackson & Victor ,,,,,
,,,,,,,,,,,,,D'Angelo & Gaspar ,,,,,
,,,,,,,,,,,,,Gilmore,,,,,
,,,,,,,,,,,,,GEF,,,,,
,,,,,,,,,,,,,Larsen-Lechuga,,,,,
,,,,,,,,,,,,,Challet,,,,,
,,,,,,,,,,,,,Ainsworth,,,,,
,,,,,,,,,,,,,Ajl,,,,,
,,,,,,,,,,,,,Arnaud,,,,,
,,,,,,,,,,,,,Burton,,,,,
,,,,,,,,,,,,,Hasselbalch et al,,,,,
,,,,,,,,,,,,,Otchere-Darko,,,,,
,,,,,,,,,,,,,Fyock,,,,,
,,,,,,,,,,,,,Bendell,,,,,
,,,,,,,,,,,,,Teixeira,,,,,
,,,,,,,,,,,,,Althouse et al,,,,,
,,,,,,,,,,,,,Gudynas,,,,,
,,,,,,,,,,,,,Groen,,,,,
,,,,,,,,,,,,,Aseeva,,,,,
,,,,,,,,,,,,,Dos Santos Gonçalves et al,,,,,
,,,,,,,,,,,,,Schindler,,,,,
,,,,,,,,,,,,,Xue et al,,,,,
,,,,,,,,,,,,,Slameršak et al,,,,,
,,,,,,,,,,,,,Li et al,,,,,
,,,,,,,,,,,,,Moyer,,,,,
,,,,,,,,,,,,,Fakhri et al,,,,,
,,,,,,,,,,,,,Mura et al,,,,,
,,,,,,,,,,,,,Hickel & Slamersak,,,,,
,,,,,,,,,,,,,Sers,,,,,
,,,,,,,,,,,,,Lenzen et al,,,,,
,,,,,,,,,,,,,Sarkar,,,,,
,,,,,,,,,,,,,Al Shawa,,,,,
,,,,,,,,,,,,,Benton,,,,,
,,,,,,,,,,,,,Monserand,,,,,
,,,,,,,,,,,,,Keen,,,,,
,,,,,,,,,,,,,Schlör et al,,,,,
,,,,,,,,,,,,,Edward Callies & Moellendorf,,,,,
,,,,,,,,,,,,,Keyßer & Lenzen,,,,,
,,,,,,,,,,,,,Van der Slycken,,,,,
,,,,,,,,,,,,,Cantone et al,,,,,
,,,,,,,,,,,,,Wells et al,,,,,
,,,,,,,,,,,,,Sconfienza,,,,,
,,,,,,,,,,,,,Kuhnhenn et al,,,,,
,,,,,,,,,,,,,Heikkinen,,,,,
,,,,,,,,,,,,,Nieto et al,,,,,
,,,,,,,,,,,,,Zagonari,,,,,
,,,,,,,,,,,,,Lange,,,,,
,,,,,,,,,,,,,Kuhnhenn,,,,,
,,,,,,,,,,,,,Ruiz-Alejos,,,,,
,,,,,,,,,,,,,Hardt & O'Neill,,,,,
,,,,,,,,,,,,,Briens,,,,,
,,,,,,,,,,,,,Pettersson ,,,,,
,,,,,,,,,,,,,Dula,,,,,
,,,,,,,,,,,,,Schlauchc & Palmisano,,,,,
,,,,,,,,,,,,,Rezai et al,,,,,
,,,,,,,,,,,,,Victor,,,,,
,,,,,,,,,,,,,Blanchard,,,,,
,,,,,,,,,,,,,Olk et al,,,,,
,,,,,,,,,,,,,Semenova,,,,,
,,,,,,,,,,,,,Salama,,,,,
,,,,,,,,,,,,,Clark,,,,,
,,,,,,,,,,,,,Schaffartzik & Duro,,,,,
,,,,,,,,,,,,,Kılıç,,,,,
,,,,,,,,,,,,,Engler et al,,,,,
,,,,,,,,,,,,,Helker-Nygren,,,,,
,,,,,,,,,,,,,Hartley &Kallis,,,,,
,,,,,,,,,,,,,Gómez & Medina-Prado,,,,,
,,,,,,,,,,,,,Bohnenberger,,,,,
,,,,,,,,,,,,,Balaguer Rasillo,,,,,
,,,,,,,,,,,,,Nur,,,,,
,,,,,,,,,,,,,Bovari,,,,,
,,,,,,,,,,,,,Marcus,,,,,
,,,,,,,,,,,,,Dörryaand & Schulz,,,,,
,,,,,,,,,,,,,Hornborg,,,,,
,,,,,,,,,,,,,Mcguirk,,,,,
,,,,,,,,,,,,,Fourot & Lavoie,,,,,
,,,,,,,,,,,,,Pellerey,,,,,
,,,,,,,,,,,,,Exner,,,,,
,,,,,,,,,,,,,Vitari,,,,,
,,,,,,,,,,,,,Lloveras,,,,,
,,,,,,,,,,,,,Dittmer,,,,,
,,,,,,,,,,,,,Greenham & Ryan-Collins,,,,,
,,,,,,,,,,,,,Järvensivu,,,,,
,,,,,,,,,,,,,Farley et al,,,,,
,,,,,,,,,,,,,Douthwaite,,,,,
,,,,,,,,,,,,,Tokic,,,,,
,,,,,,,,,,,,,Monthly Review,,,,,
,,,,,,,,,,,,,Sanniti,,,,,
,,,,,,,,,,,,,Hard et al,,,,,
,,,,,,,,,,,,,Carlson,,,,,
,,,,,,,,,,,,,Ferreira & von Schönfeld,,,,,
,,,,,,,,,,,,,Giannopoulou,,,,,
,,,,,,,,,,,,,Itonaga,,,,,
,,,,,,,,,,,,,Gallagher,,,,,
,,,,,,,,,,,,,Kočović De Santo,,,,,
,,,,,,,,,,,,,Mauger,,,,,
,,,,,,,,,,,,,Smith & Prahalad,,,,,
,,,,,,,,,,,,,AKC Collective,,,,,
,,,,,,,,,,,,,Sekulova et al,,,,,
,,,,,,,,,,,,,Ruggiero,,,,,
,,,,,,,,,,,,,Reddix-Smalls,,,,,
,,,,,,,,,,,,,Chen & Işıkara,,,,,
,,,,,,,,,,,,,Koch et al,,,,,
,,,,,,,,,,,,,Ford & Kuetting,,,,,
,,,,,,,,,,,,,O'Manique,,,,,
,,,,,,,,,,,,,D'Alisa & Kallis,,,,,
,,,,,,,,,,,,,Haller,,,,,
,,,,,,,,,,,,,Nyblom et al,,,,,
,,,,,,,,,,,,,Rivera,,,,,
,,,,,,,,,,,,,Larch et al,,,,,
,,,,,,,,,,,,,Strunz & Bartkowski,,,,,
,,,,,,,,,,,,,Kalogeraki,,,,,
,,,,,,,,,,,,,Schiltkamp,,,,,
,,,,,,,,,,,,,Engberg,,,,,
,,,,,,,,,,,,,Kousis & Paschou,,,,,
,,,,,,,,,,,,,Martinez,,,,,
,,,,,,,,,,,,,Hirsch,,,,,
,,,,,,,,,,,,,Hatakka,,,,,
,,,,,,,,,,,,,Deflorian,,,,,
,,,,,,,,,,,,,Durand & Légé,,,,,
,,,,,,,,,,,,,Baykan,,,,,
,,,,,,,,,,,,,Ward,,,,,
,,,,,,,,,,,,,"Cunico, Deuten & Huang",,,,,
,,,,,,,,,,,,,Robra & Nesterova,,,,,
,,,,,,,,,,,,,Dietrichs & Thorsén,,,,,
,,,,,,,,,,,,,Holme,,,,,
,,,,,,,,,,,,,Nesterova & Buch-Hansen,,,,,
,,,,,,,,,,,,,Froese et al,,,,,
,,,,,,,,,,,,,Silva Sø Rocha,,,,,
,,,,,,,,,,,,,Payne & Mellick,,,,,
,,,,,,,,,,,,,Hagberg,,,,,
,,,,,,,,,,,,,Rodoni,,,,,
,,,,,,,,,,,,,Toropainen,,,,,
,,,,,,,,,,,,,Balma et al,,,,,
,,,,,,,,,,,,,Nyberg & Wright,,,,,
,,,,,,,,,,,,,Moore,,,,,
,,,,,,,,,,,,,Meardi,,,,,
,,,,,,,,,,,,,Vgontzas,,,,,
,,,,,,,,,,,,,Knyphausen-Aufseß & Santarius,,,,,
,,,,,,,,,,,,,Robra et al,,,,,
,,,,,,,,,,,,,Robra,,,,,
,,,,,,,,,,,,,Hinton,,,,,
,,,,,,,,,,,,,Kopnina & Padfield,,,,,
,,,,,,,,,,,,,Schmidt & Rätzer,,,,,
,,,,,,,,,,,,,Dartnell & Kish,,,,,
,,,,,,,,,,,,,Wiefek &Heinitz,,,,,
,,,,,,,,,,,,,Ramos-Mejia,,,,,
,,,,,,,,,,,,,Hankammer et al,,,,,
,,,,,,,,,,,,,O'Neil et al,,,,,
,,,,,,,,,,,,,Kovanen,,,,,
,,,,,,,,,,,,,Puđak & Bokan,,,,,
,,,,,,,,,,,,,Vandeventer & Lloveras,,,,,
,,,,,,,,,,,,,Banerjee et al,,,,,
,,,,,,,,,,,,,Schormair & Reuter,,,,,
,,,,,,,,,,,,,Plaza-Ubeda et al,,,,,
,,,,,,,,,,,,,Wells,,,,,
,,,,,,,,,,,,,Fulconis et al,,,,,
,,,,,,,,,,,,,Cyron & Zoellick,,,,,
,,,,,,,,,,,,,Wiefek & Heinitz,,,,,
,,,,,,,,,,,,,Hinton & Maclurcan,,,,,
,,,,,,,,,,,,,Takács-György,,,,,
,,,,,,,,,,,,,Sekerák et al,,,,,
,,,,,,,,,,,,,Tarifa Ortiz,,,,,
,,,,,,,,,,,,,Hörisch,,,,,
,,,,,,,,,,,,,Shrivastava,,,,,
,,,,,,,,,,,,,Fujii,,,,,
,,,,,,,,,,,,,Johanisova,,,,,
,,,,,,,,,,,,,Blauwhof,,,,,
,,,,,,,,,,,,,Mikami,,,,,
,,,,,,,,,,,,,De Angelis,,,,,
,,,,,,,,,,,,,Vansintjan,,,,,
,,,,,,,,,,,,,Bartell,,,,,
,,,,,,,,,,,,,Kramer,,,,,
,,,,,,,,,,,,,Skrzypczyński,,,,,
,,,,,,,,,,,,,Cella,,,,,
,,,,,,,,,,,,,Stratford,,,,,
,,,,,,,,,,,,,Baumann et al,,,,,
,,,,,,,,,,,,,Clark & Pissin,,,,,
,,,,,,,,,,,,,Nakanishi,,,,,
,,,,,,,,,,,,,Pazaitis et al,,,,,
,,,,,,,,,,,,,Hartley,,,,,
,,,,,,,,,,,,,Kostakis et al,,,,,
,,,,,,,,,,,,,Euler,,,,,
,,,,,,,,,,,,,DeVore,,,,,
,,,,,,,,,,,,,Lockyer,,,,,
,,,,,,,,,,,,,Jakob & Edenhofer,,,,,
,,,,,,,,,,,,,van Griethuysen,,,,,
,,,,,,,,,,,,,Lohr,,,,,
,,,,,,,,,,,,,Corvellec & Paulsson,,,,,
,,,,,,,,,,,,,Schultz & Pies,,,,,
,,,,,,,,,,,,,Arai,,,,,
,,,,,,,,,,,,,Giurca & Befort ,,,,,
,,,,,,,,,,,,,Hofmann,,,,,
,,,,,,,,,,,,,Calisto Friant,,,,,
,,,,,,,,,,,,,Bisht,,,,,
,,,,,,,,,,,,,Mah,,,,,
,,,,,,,,,,,,,Creutzburg,,,,,
,,,,,,,,,,,,,Bauwens,,,,,
,,,,,,,,,,,,,Otero et al,,,,,
,,,,,,,,,,,,,Navarro-Remesal,,,,,
,,,,,,,,,,,,,Velicu,,,,,
,,,,,,,,,,,,,Schröder et al,,,,,
,,,,,,,,,,,,,Sbert Carlsson,,,,,
,,,,,,,,,,,,,Fernandes de Aquino & Caletti,,,,,
,,,,,,,,,,,,,Brand et al,,,,,
,,,,,,,,,,,,,Exner et al,,,,,
,,,,,,,,,,,,,Muniz & Cruz,,,,,
,,,,,,,,,,,,,Wenzlik et al,,,,,
,,,,,,,,,,,,,Domènech et al,,,,,
,,,,,,,,,,,,,Žiukelytė,,,,,
,,,,,,,,,,,,,Kallis & Martinez-Alier,,,,,
,,,,,,,,,,,,,Schlör & Schubert ,,,,,
,,,,,,,,,,,,,Malerba & Oswald,,,,,
,,,,,,,,,,,,,Belmonte-Urena et al,,,,,
,,,,,,,,,,,,,Haarni,,,,,
,,,,,,,,,,,,,Guerrero,,,,,
,,,,,,,,,,,,,Rammelt & Gupta,,,,,
,,,,,,,,,,,,,Vandenhole,,,,,
,,,,,,,,,,,,,Edwards,,,,,
,,,,,,,,,,,,,Kreinin & Aigner,,,,,
,,,,,,,,,,,,,Ruggerio,,,,,
,,,,,,,,,,,,,Menton et al,,,,,
,,,,,,,,,,,,,Rai et al,,,,,
,,,,,,,,,,,,,Issaoui et al,,,,,
,,,,,,,,,,,,,Ventura & Tiboni ,,,,,
,,,,,,,,,,,,,Barroso et al ,,,,,
,,,,,,,,,,,,,Gallopín et al,,,,,
,,,,,,,,,,,,,Vivien,,,,,
,,,,,,,,,,,,,Pansera et al,,,,,
,,,,,,,,,,,,,Al-Olaimy,,,,,
,,,,,,,,,,,,,Pasek et al,,,,,
,,,,,,,,,,,,,Veraart et al,,,,,
,,,,,,,,,,,,,Rasillo,,,,,
,,,,,,,,,,,,,Péréa et al,,,,,
,,,,,,,,,,,,,Sætra,,,,,
,,,,,,,,,,,,,Prescott,,,,,
,,,,,,,,,,,,,Taffel,,,,,
,,,,,,,,,,,,,Meyers,,,,,
,,,,,,,,,,,,,Ibach,,,,,
,,,,,,,,,,,,,Nguyen & Batel,,,,,
,,,,,,,,,,,,,Santarius et al,,,,,
,,,,,,,,,,,,,Chan & Sayers,,,,,
,,,,,,,,,,,,,Bofytalos,,,,,
,,,,,,,,,,,,,Kwet,,,,,
,,,,,,,,,,,,,Priavolou et al,,,,,
,,,,,,,,,,,,,Neil,,,,,
,,,,,,,,,,,,,Kunkel & Tyfield,,,,,
,,,,,,,,,,,,,Befort,,,,,
,,,,,,,,,,,,,Howson,,,,,
,,,,,,,,,,,,,Reichhardt,,,,,
,,,,,,,,,,,,,Perkins & Jessup,,,,,
,,,,,,,,,,,,,Pansera & Fressoli,,,,,
,,,,,,,,,,,,,Pohl & Lange,,,,,
,,,,,,,,,,,,,Ibrahim & Sarkis,,,,,
,,,,,,,,,,,,,Krüger & Pellicer-Sifres,,,,,
,,,,,,,,,,,,,Reilly,,,,,
,,,,,,,,,,,,,Gunderson,,,,,
,,,,,,,,,,,,,Kerschner et al,,,,,
,,,,,,,,,,,,,Alexander & Yacoumis,,,,,
,,,,,,,,,,,,,Likavcan & Scholz-Wäckerle,,,,,
,,,,,,,,,,,,,Bradley,,,,,
,,,,,,,,,,,,,Zoellick &Bisht,,,,,
,,,,,,,,,,,,,Strand et al,,,,,
,,,,,,,,,,,,,Muraca & Neuber,,,,,
,,,,,,,,,,,,,March,,,,,
,,,,,,,,,,,,,Pansera & Owen,,,,,
,,,,,,,,,,,,,Garcia et al,,,,,
,,,,,,,,,,,,,Grunwald,,,,,
,,,,,,,,,,,,,Hankammer & Kleer,,,,,
,,,,,,,,,,,,,Haucke,,,,,
,,,,,,,,,,,,,Lizarralde & Tyl,,,,,
,,,,,,,,,,,,,Weber,,,,,
,,,,,,,,,,,,,Samerski,,,,,
,,,,,,,,,,,,,Vetter,,,,,
,,,,,,,,,,,,,de Saille & Medvecky,,,,,
,,,,,,,,,,,,,Exner & Lauk,,,,,
,,,,,,,,,,,,,Huppes & Ishikawa,,,,,
,,,,,,,,,,,,,Langer,,,,,
,,,,,,,,,,,,,Arlt,,,,,
,,,,,,,,,,,,,Butcher,,,,,
,,,,,,,,,,,,,Lacerda-Nobre et al,,,,,
,,,,,,,,,,,,,Wiberg,,,,,
,,,,,,,,,,,,,Saville,,,,,
,,,,,,,,,,,,,Minguez et al,,,,,
,,,,,,,,,,,,,Seyfi et al,,,,,
,,,,,,,,,,,,,Majdak & de Almeida,,,,,
,,,,,,,,,,,,,Lucca Iaquinto,,,,,
,,,,,,,,,,,,,Ghaderi et al,,,,,
,,,,,,,,,,,,,Amrhein,,,,,
,,,,,,,,,,,,,Daníelsdóttir,,,,,
,,,,,,,,,,,,,Higgins-Desbiolles & Everingham,,,,,
,,,,,,,,,,,,,Townson,,,,,
,,,,,,,,,,,,,Panzer-Krause,,,,,
,,,,,,,,,,,,,Sharpley,,,,,
,,,,,,,,,,,,,Shikida,,,,,
,,,,,,,,,,,,,Pranskünienė & Perkumienė,,,,,
,,,,,,,,,,,,,Canavan,,,,,
,,,,,,,,,,,,,Fontanari & Traskevich,,,,,
,,,,,,,,,,,,,Fletcher et al,,,,,
,,,,,,,,,,,,,Cañada,,,,,
,,,,,,,,,,,,,Hall & Wood,,,,,
,,,,,,,,,,,,,Blanco Romero & Blazquez Salom,,,,,
,,,,,,,,,,,,,Muler González,,,,,
,,,,,,,,,,,,,Ramos & Mundet,,,,,
,,,,,,,,,,,,,Chakraborty,,,,,
,,,,,,,,,,,,,Gonzàlez & Espelt,,,,,
,,,,,,,,,,,,,Çakar & Uzut,,,,,
,,,,,,,,,,,,,Boluk et al,,,,,
,,,,,,,,,,,,,Cheung & Li,,,,,
,,,,,,,,,,,,,Perkumienė & Pranskūnienė,,,,,
,,,,,,,,,,,,,Blanco-Romero et al,,,,,
,,,,,,,,,,,,,Higgins-Desbiolles et al,,,,,
,,,,,,,,,,,,,Blazquez-Salom et al,,,,,
,,,,,,,,,,,,,Gascon,,,,,
,,,,,,,,,,,,,Chassagne & Everingham,,,,,
,,,,,,,,,,,,,Valdivielso & Moranta,,,,,
,,,,,,,,,,,,,Adityanandana & Gerber,,,,,
,,,,,,,,,,,,,Renkert,,,,,
,,,,,,,,,,,,,Oklevik et al,,,,,
,,,,,,,,,,,,,Meana-Acevedo,,,,,
,,,,,,,,,,,,,Hernández-Martín et al ,,,,,
,,,,,,,,,,,,,Konstantinos,,,,,
,,,,,,,,,,,,,Hollenhorst et al,,,,,
,,,,,,,,,,,,,Hall,,,,,
,,,,,,,,,,,,,Blanco,,,,,
,,,,,,,,,,,,,Kębłowski,,,,,
,,,,,,,,,,,,,Katz-Rosene & Ambe-Uva,,,,,
,,,,,,,,,,,,,Cox,,,,,
,,,,,,,,,,,,,Pulido-Sánchez et al,,,,,
,,,,,,,,,,,,,Voglerr,,,,,
,,,,,,,,,,,,,Higgins-Desbiolles,,,,,
,,,,,,,,,,,,,Köves & Bajmócy,,,,,
,,,,,,,,,,,,,de Beukelaer,,,,,
,,,,,,,,,,,,,Renaud,,,,,
,,,,,,,,,,,,,Blas et al,,,,,
,,,,,,,,,,,,,Andriotis,,,,,
,,,,,,,,,,,,,Moriarty & Honnery,,,,,
,,,,,,,,,,,,,Marletto,,,,,
,,,,,,,,,,,,,Mang,,,,,
,,,,,,,,,,,,,Rohit & Chakraborty,,,,,
,,,,,,,,,,,,,Schulze Waltrup,,,,,
,,,,,,,,,,,,,Bexell et al,,,,,
,,,,,,,,,,,,,Valencia Hamilton & Ramcilovic-Suominen ,,,,,
,,,,,,,,,,,,,Kongshøj,,,,,
,,,,,,,,,,,,,Mattera,,,,,
,,,,,,,,,,,,,Lovén,,,,,
,,,,,,,,,,,,,Keurhorst,,,,,
,,,,,,,,,,,,,Strunk,,,,,
,,,,,,,,,,,,,Dunlap & Laratte,,,,,
,,,,,,,,,,,,,Sellers,,,,,
,,,,,,,,,,,,,Maier,,,,,
,,,,,,,,,,,,,Mastini,,,,,
,,,,,,,,,,,,,Fitzpatrick et al,,,,,
,,,,,,,,,,,,,Ehrnström-Fuentes & Biese,,,,,
,,,,,,,,,,,,,Dukelow & Murphy,,,,,
,,,,,,,,,,,,,Copeland,,,,,
,,,,,,,,,,,,,Giurca et al,,,,,
,,,,,,,,,,,,,Abraham & Fourrier,,,,,
,,,,,,,,,,,,,O’Manique et al,,,,,
,,,,,,,,,,,,,García-Olivares & López,,,,,
,,,,,,,,,,,,,Fesenfeld,,,,,
,,,,,,,,,,,,,Baturina,,,,,
,,,,,,,,,,,,,Freire-González,,,,,
,,,,,,,,,,,,,Cante Maldonado,,,,,
,,,,,,,,,,,,,Abhandlung,,,,,
,,,,,,,,,,,,,Boström,,,,,
,,,,,,,,,,,,,Mastini et al,,,,,
,,,,,,,,,,,,,Klimczak,,,,,
,,,,,,,,,,,,,Hirvilammi,,,,,
,,,,,,,,,,,,,Vuković et al,,,,,
,,,,,,,,,,,,,Ossewaarde & Ossewaarde-Lowto,,,,,
,,,,,,,,,,,,,Morgan & Gills,,,,,
,,,,,,,,,,,,,Vandeventer et al,,,,,
,,,,,,,,,,,,,Zink,,,,,
,,,,,,,,,,,,,Mulvale,,,,,
,,,,,,,,,,,,,Dula et al,,,,,
,,,,,,,,,,,,,Fouksman & Klein,,,,,
,,,,,,,,,,,,,Varvarousis,,,,,
,,,,,,,,,,,,,Zagonari et al,,,,,
,,,,,,,,,,,,,Stürmer,,,,,
,,,,,,,,,,,,,Sanna,,,,,
,,,,,,,,,,,,,Perey & Reichel,,,,,
,,,,,,,,,,,,,Geerlof,,,,,
,,,,,,,,,,,,,Serraninho,,,,,
,,,,,,,,,,,,,Cosme et al,,,,,
,,,,,,,,,,,,,Germain,,,,,
,,,,,,,,,,,,,Prats,,,,,
,,,,,,,,,,,,,Hobson & Lynch,,,,,
,,,,,,,,,,,,,"Larrère, Larrère & Bouleau",,,,,
,,,,,,,,,,,,,Joutsenvirta,,,,,
,,,,,,,,,,,,,Hohoš,,,,,
,,,,,,,,,,,,,Videira et al,,,,,
,,,,,,,,,,,,,Moll,,,,,
,,,,,,,,,,,,,Alves,,,,,
,,,,,,,,,,,,,Klitgaard,,,,,
,,,,,,,,,,,,,Murphy,,,,,
,,,,,,,,,,,,,Boonstra & Joose,,,,,
,,,,,,,,,,,,,Speth,,,,,
,,,,,,,,,,,,,Grünsch,,,,,
,,,,,,,,,,,,,Marín-Beltrán et al,,,,,
,,,,,,,,,,,,,Weber et al,,,,,
,,,,,,,,,,,,,Udovyk,,,,,
,,,,,,,,,,,,,Berkowitz,,,,,
,,,,,,,,,,,,,James,,,,,
,,,,,,,,,,,,,Fennell et al,,,,,
,,,,,,,,,,,,,Pesado Pons,,,,,
,,,,,,,,,,,,,Chaudhuri,,,,,
,,,,,,,,,,,,,Monios & Wilmsmeier ,,,,,
,,,,,,,,,,,,,Hadjimichael,,,,,
,,,,,,,,,,,,,Martínez-Vázquez,,,,,
,,,,,,,,,,,,,Bērziņš,,,,,
,,,,,,,,,,,,,Schreiber et al,,,,,
,,,,,,,,,,,,,Nogué-Algueró,,,,,
,,,,,,,,,,,,,Ertör,,,,,
,,,,,,,,,,,,,Ertör & Hadjimichael,,,,,
,,,,,,,,,,,,,Said & MacMillan,,,,,
,,,,,,,,,,,,,Bogadottir,,,,,
,,,,,,,,,,,,,Childs,,,,,
,,,,,,,,,,,,,Carver,,,,,
,,,,,,,,,,,,,Fuente-Carrasco et al,,,,,
,,,,,,,,,,,,,Kandoğan,,,,,
,,,,,,,,,,,,,Leposa,,,,,
,,,,,,,,,,,,,Bogadóttir,,,,,
,,,,,,,,,,,,,Vogel et al,,,,,
,,,,,,,,,,,,,Galgóczi & Pochet,,,,,
,,,,,,,,,,,,,Sharpe,,,,,
,,,,,,,,,,,,,Hayden & Dasilva,,,,,
,,,,,,,,,,,,,Komatsu et al,,,,,
,,,,,,,,,,,,,Laruffa,,,,,
,,,,,,,,,,,,,Fioramonti et al,,,,,
,,,,,,,,,,,,,Helne,,,,,
,,,,,,,,,,,,,"Büchs, M",,,,,
,,,,,,,,,,,,,Amirian,,,,,
,,,,,,,,,,,,,Walker et al,,,,,
,,,,,,,,,,,,,Rashid & Pepperrelli,,,,,
,,,,,,,,,,,,,Pillay,,,,,
,,,,,,,,,,,,,Hirvilammi & Koch,,,,,
,,,,,,,,,,,,,Büchs & Koch,,,,,
,,,,,,,,,,,,,Pugno,,,,,
,,,,,,,,,,,,,Ims,,,,,
,,,,,,,,,,,,,Fritz & Koch,,,,,
,,,,,,,,,,,,,Fischer,,,,,
,,,,,,,,,,,,,D'Anna & Cascini,,,,,
,,,,,,,,,,,,,Natale et al,,,,,
,,,,,,,,,,,,,Soetebeer,,,,,
,,,,,,,,,,,,,Seidl & Zahrnt,,,,,
,,,,,,,,,,,,,Sekulova,,,,,
,,,,,,,,,,,,,Andreoni & Galmarini,,,,,
,,,,,,,,,,,,,Bilancini & D'Alessandro,,,,,
,,,,,,,,,,,,,Matthey,,,,,
,,,,,,,,,,,,,Lee & Koch,,,,,
,,,,,,,,,,,,,Gartner,,,,,
,,,,,,,,,,,,,Hidasi et al,,,,,
,,,,,,,,,,,,,Oberholzer,,,,,
,,,,,,,,,,,,,Mallinson & Cheng,,,,,
,,,,,,,,,,,,,Balderson et al,,,,,
,,,,,,,,,,,,,Persson et al,,,,,
,,,,,,,,,,,,,Comunal Arquitecturaa,,,,,
,,,,,,,,,,,,,Saave & Muraca ,,,,,
,,,,,,,,,,,,,Unti,,,,,
,,,,,,,,,,,,,Brandl & Zielinska,,,,,
,,,,,,,,,,,,,Matsumura,,,,,
,,,,,,,,,,,,,Heikkurinen et al,,,,,
,,,,,,,,,,,,,Fremstad et al,,,,,
,,,,,,,,,,,,,Gunderson ,,,,,
,,,,,,,,,,,,,Scarrow,,,,,
,,,,,,,,,,,,,Antal,,,,,
,,,,,,,,,,,,,Fitzgerald et al,,,,,
,,,,,,,,,,,,,Knight et al,,,,,
,,,,,,,,,,,,,Norgard,,,,,
,,,,,,,,,,,,,D'Alisa & Cattaneo,,,,,
,,,,,,,,,,,,,Nierling,,,,,